ISO-10303-21;
HEADER;
FILE_DESCRIPTION(('FreeCAD Model'),'2;1');
FILE_NAME('Open CASCADE Shape Model','2026-09-24T12:25:23',('Author'),(
    ''),'Open CASCADE STEP processor 7.8','FreeCAD','Unknown');
FILE_SCHEMA(('AUTOMOTIVE_DESIGN { 1 0 10303 214 1 1 1 1 }'));
ENDSEC;
DATA;
#1 = APPLICATION_PROTOCOL_DEFINITION('international standard',
  'automotive_design',2000,#2);
#2 = APPLICATION_CONTEXT(
  'core data for automotive mechanical design processes');
#3 = SHAPE_DEFINITION_REPRESENTATION(#4,#10);
#4 = PRODUCT_DEFINITION_SHAPE('','',#5);
#5 = PRODUCT_DEFINITION('design','',#6,#9);
#6 = PRODUCT_DEFINITION_FORMATION('','',#7);
#7 = PRODUCT('Body','Body','',(#8));
#8 = PRODUCT_CONTEXT('',#2,'mechanical');
#9 = PRODUCT_DEFINITION_CONTEXT('part definition',#2,'design');
#10 = ADVANCED_BREP_SHAPE_REPRESENTATION('',(#11,#15),#3525);
#11 = AXIS2_PLACEMENT_3D('',#12,#13,#14);
#12 = CARTESIAN_POINT('',(0.,0.,0.));
#13 = DIRECTION('',(0.,0.,1.));
#14 = DIRECTION('',(1.,0.,-0.));
#15 = MANIFOLD_SOLID_BREP('',#16);
#16 = CLOSED_SHELL('',(#17,#57,#88,#144,#168,#217,#250,#651,#717,#750,
    #816,#889,#1321,#1387,#1404,#1457,#1545,#1640,#1700,#1717,#1739,
    #1756,#1773,#1790,#1807,#1824,#1841,#1858,#1875,#1892,#1909,#1921,
    #1943,#1960,#1977,#1994,#2011,#2028,#2045,#2057,#2079,#2096,#2113,
    #2130,#2147,#2159,#2176,#2193,#2210,#2235,#2252,#2269,#2281,#2298,
    #2315,#2332,#2349,#2366,#2383,#2400,#2417,#2434,#2459,#2484,#2509,
    #2534,#2552,#2750,#2775,#2800,#2825,#2850,#2997,#3019,#3037,#3054,
    #3071,#3088,#3106,#3123,#3140,#3157,#3175,#3192,#3223,#3248,#3272,
    #3303,#3328,#3352,#3383,#3408,#3432,#3449,#3466,#3483));
#17 = ADVANCED_FACE('',(#18),#52,.T.);
#18 = FACE_BOUND('',#19,.T.);
#19 = EDGE_LOOP('',(#20,#30,#38,#46));
#20 = ORIENTED_EDGE('',*,*,#21,.F.);
#21 = EDGE_CURVE('',#22,#24,#26,.T.);
#22 = VERTEX_POINT('',#23);
#23 = CARTESIAN_POINT('',(-26.,-65.,10.));
#24 = VERTEX_POINT('',#25);
#25 = CARTESIAN_POINT('',(-26.,-63.,10.));
#26 = LINE('',#27,#28);
#27 = CARTESIAN_POINT('',(-26.,-35.47110468619,10.));
#28 = VECTOR('',#29,1.);
#29 = DIRECTION('',(0.,1.,0.));
#30 = ORIENTED_EDGE('',*,*,#31,.T.);
#31 = EDGE_CURVE('',#22,#32,#34,.T.);
#32 = VERTEX_POINT('',#33);
#33 = CARTESIAN_POINT('',(26.,-65.,10.));
#34 = LINE('',#35,#36);
#35 = CARTESIAN_POINT('',(-36.,-65.,10.));
#36 = VECTOR('',#37,1.);
#37 = DIRECTION('',(1.,0.,0.));
#38 = ORIENTED_EDGE('',*,*,#39,.T.);
#39 = EDGE_CURVE('',#32,#40,#42,.T.);
#40 = VERTEX_POINT('',#41);
#41 = CARTESIAN_POINT('',(26.,-63.,10.));
#42 = LINE('',#43,#44);
#43 = CARTESIAN_POINT('',(26.,-35.47110468619,10.));
#44 = VECTOR('',#45,1.);
#45 = DIRECTION('',(0.,1.,0.));
#46 = ORIENTED_EDGE('',*,*,#47,.F.);
#47 = EDGE_CURVE('',#24,#40,#48,.T.);
#48 = LINE('',#49,#50);
#49 = CARTESIAN_POINT('',(-34.,-63.,10.));
#50 = VECTOR('',#51,1.);
#51 = DIRECTION('',(1.,0.,0.));
#52 = PLANE('',#53);
#53 = AXIS2_PLACEMENT_3D('',#54,#55,#56);
#54 = CARTESIAN_POINT('',(9.5430835E-10,-7.942209372396,10.));
#55 = DIRECTION('',(0.,0.,1.));
#56 = DIRECTION('',(1.,0.,0.));
#57 = ADVANCED_FACE('',(#58),#83,.F.);
#58 = FACE_BOUND('',#59,.T.);
#59 = EDGE_LOOP('',(#60,#61,#69,#77));
#60 = ORIENTED_EDGE('',*,*,#21,.T.);
#61 = ORIENTED_EDGE('',*,*,#62,.T.);
#62 = EDGE_CURVE('',#24,#63,#65,.T.);
#63 = VERTEX_POINT('',#64);
#64 = CARTESIAN_POINT('',(-26.,-63.,30.));
#65 = LINE('',#66,#67);
#66 = CARTESIAN_POINT('',(-26.,-63.,0.));
#67 = VECTOR('',#68,1.);
#68 = DIRECTION('',(0.,0.,1.));
#69 = ORIENTED_EDGE('',*,*,#70,.T.);
#70 = EDGE_CURVE('',#63,#71,#73,.T.);
#71 = VERTEX_POINT('',#72);
#72 = CARTESIAN_POINT('',(-26.,-65.,30.));
#73 = LINE('',#74,#75);
#74 = CARTESIAN_POINT('',(-26.,-63.,30.));
#75 = VECTOR('',#76,1.);
#76 = DIRECTION('',(-0.,-1.,-0.));
#77 = ORIENTED_EDGE('',*,*,#78,.F.);
#78 = EDGE_CURVE('',#22,#71,#79,.T.);
#79 = LINE('',#80,#81);
#80 = CARTESIAN_POINT('',(-26.,-65.,0.));
#81 = VECTOR('',#82,1.);
#82 = DIRECTION('',(0.,0.,1.));
#83 = PLANE('',#84);
#84 = AXIS2_PLACEMENT_3D('',#85,#86,#87);
#85 = CARTESIAN_POINT('',(-26.,-63.,0.));
#86 = DIRECTION('',(-1.,-0.,-0.));
#87 = DIRECTION('',(0.,1.,0.));
#88 = ADVANCED_FACE('',(#89),#139,.T.);
#89 = FACE_BOUND('',#90,.T.);
#90 = EDGE_LOOP('',(#91,#101,#109,#115,#116,#117,#125,#133));
#91 = ORIENTED_EDGE('',*,*,#92,.T.);
#92 = EDGE_CURVE('',#93,#95,#97,.T.);
#93 = VERTEX_POINT('',#94);
#94 = CARTESIAN_POINT('',(34.,-63.,2.));
#95 = VERTEX_POINT('',#96);
#96 = CARTESIAN_POINT('',(-34.,-63.,2.));
#97 = LINE('',#98,#99);
#98 = CARTESIAN_POINT('',(-17.,-63.,2.));
#99 = VECTOR('',#100,1.);
#100 = DIRECTION('',(-1.,0.,0.));
#101 = ORIENTED_EDGE('',*,*,#102,.T.);
#102 = EDGE_CURVE('',#95,#103,#105,.T.);
#103 = VERTEX_POINT('',#104);
#104 = CARTESIAN_POINT('',(-34.,-63.,30.));
#105 = LINE('',#106,#107);
#106 = CARTESIAN_POINT('',(-34.,-63.,0.));
#107 = VECTOR('',#108,1.);
#108 = DIRECTION('',(0.,0.,1.));
#109 = ORIENTED_EDGE('',*,*,#110,.T.);
#110 = EDGE_CURVE('',#103,#63,#111,.T.);
#111 = LINE('',#112,#113);
#112 = CARTESIAN_POINT('',(-34.,-63.,30.));
#113 = VECTOR('',#114,1.);
#114 = DIRECTION('',(1.,-1.78E-15,0.));
#115 = ORIENTED_EDGE('',*,*,#62,.F.);
#116 = ORIENTED_EDGE('',*,*,#47,.T.);
#117 = ORIENTED_EDGE('',*,*,#118,.T.);
#118 = EDGE_CURVE('',#40,#119,#121,.T.);
#119 = VERTEX_POINT('',#120);
#120 = CARTESIAN_POINT('',(26.,-63.,30.));
#121 = LINE('',#122,#123);
#122 = CARTESIAN_POINT('',(26.,-63.,0.));
#123 = VECTOR('',#124,1.);
#124 = DIRECTION('',(0.,0.,1.));
#125 = ORIENTED_EDGE('',*,*,#126,.F.);
#126 = EDGE_CURVE('',#127,#119,#129,.T.);
#127 = VERTEX_POINT('',#128);
#128 = CARTESIAN_POINT('',(34.,-63.,30.));
#129 = LINE('',#130,#131);
#130 = CARTESIAN_POINT('',(34.,-63.,30.));
#131 = VECTOR('',#132,1.);
#132 = DIRECTION('',(-1.,-1.78E-15,0.));
#133 = ORIENTED_EDGE('',*,*,#134,.F.);
#134 = EDGE_CURVE('',#93,#127,#135,.T.);
#135 = LINE('',#136,#137);
#136 = CARTESIAN_POINT('',(34.,-63.,0.));
#137 = VECTOR('',#138,1.);
#138 = DIRECTION('',(0.,0.,1.));
#139 = PLANE('',#140);
#140 = AXIS2_PLACEMENT_3D('',#141,#142,#143);
#141 = CARTESIAN_POINT('',(1.96E-15,-63.,12.206896551724));
#142 = DIRECTION('',(0.,1.,4.2E-16));
#143 = DIRECTION('',(0.,-4.2E-16,1.));
#144 = ADVANCED_FACE('',(#145),#163,.F.);
#145 = FACE_BOUND('',#146,.F.);
#146 = EDGE_LOOP('',(#147,#148,#149,#157));
#147 = ORIENTED_EDGE('',*,*,#39,.T.);
#148 = ORIENTED_EDGE('',*,*,#118,.T.);
#149 = ORIENTED_EDGE('',*,*,#150,.T.);
#150 = EDGE_CURVE('',#119,#151,#153,.T.);
#151 = VERTEX_POINT('',#152);
#152 = CARTESIAN_POINT('',(26.,-65.,30.));
#153 = LINE('',#154,#155);
#154 = CARTESIAN_POINT('',(26.,-63.,30.));
#155 = VECTOR('',#156,1.);
#156 = DIRECTION('',(0.,-1.,0.));
#157 = ORIENTED_EDGE('',*,*,#158,.F.);
#158 = EDGE_CURVE('',#32,#151,#159,.T.);
#159 = LINE('',#160,#161);
#160 = CARTESIAN_POINT('',(26.,-65.,0.));
#161 = VECTOR('',#162,1.);
#162 = DIRECTION('',(0.,0.,1.));
#163 = PLANE('',#164);
#164 = AXIS2_PLACEMENT_3D('',#165,#166,#167);
#165 = CARTESIAN_POINT('',(26.,-63.,0.));
#166 = DIRECTION('',(1.,0.,0.));
#167 = DIRECTION('',(0.,-1.,0.));
#168 = ADVANCED_FACE('',(#169),#212,.T.);
#169 = FACE_BOUND('',#170,.T.);
#170 = EDGE_LOOP('',(#171,#172,#173,#181,#189,#197,#205,#211));
#171 = ORIENTED_EDGE('',*,*,#31,.F.);
#172 = ORIENTED_EDGE('',*,*,#78,.T.);
#173 = ORIENTED_EDGE('',*,*,#174,.T.);
#174 = EDGE_CURVE('',#71,#175,#177,.T.);
#175 = VERTEX_POINT('',#176);
#176 = CARTESIAN_POINT('',(-36.,-65.,30.));
#177 = LINE('',#178,#179);
#178 = CARTESIAN_POINT('',(-26.,-65.,30.));
#179 = VECTOR('',#180,1.);
#180 = DIRECTION('',(-1.,-0.,-0.));
#181 = ORIENTED_EDGE('',*,*,#182,.F.);
#182 = EDGE_CURVE('',#183,#175,#185,.T.);
#183 = VERTEX_POINT('',#184);
#184 = CARTESIAN_POINT('',(-36.,-65.,0.));
#185 = LINE('',#186,#187);
#186 = CARTESIAN_POINT('',(-36.,-65.,0.));
#187 = VECTOR('',#188,1.);
#188 = DIRECTION('',(0.,0.,1.));
#189 = ORIENTED_EDGE('',*,*,#190,.T.);
#190 = EDGE_CURVE('',#183,#191,#193,.T.);
#191 = VERTEX_POINT('',#192);
#192 = CARTESIAN_POINT('',(36.,-65.,0.));
#193 = LINE('',#194,#195);
#194 = CARTESIAN_POINT('',(-36.,-65.,0.));
#195 = VECTOR('',#196,1.);
#196 = DIRECTION('',(1.,0.,0.));
#197 = ORIENTED_EDGE('',*,*,#198,.T.);
#198 = EDGE_CURVE('',#191,#199,#201,.T.);
#199 = VERTEX_POINT('',#200);
#200 = CARTESIAN_POINT('',(36.,-65.,30.));
#201 = LINE('',#202,#203);
#202 = CARTESIAN_POINT('',(36.,-65.,0.));
#203 = VECTOR('',#204,1.);
#204 = DIRECTION('',(0.,0.,1.));
#205 = ORIENTED_EDGE('',*,*,#206,.F.);
#206 = EDGE_CURVE('',#151,#199,#207,.T.);
#207 = LINE('',#208,#209);
#208 = CARTESIAN_POINT('',(26.,-65.,30.));
#209 = VECTOR('',#210,1.);
#210 = DIRECTION('',(1.,0.,0.));
#211 = ORIENTED_EDGE('',*,*,#158,.F.);
#212 = PLANE('',#213);
#213 = AXIS2_PLACEMENT_3D('',#214,#215,#216);
#214 = CARTESIAN_POINT('',(1.86E-15,-65.,11.55737704918));
#215 = DIRECTION('',(-0.,-1.,-0.));
#216 = DIRECTION('',(0.,0.,-1.));
#217 = ADVANCED_FACE('',(#218),#245,.T.);
#218 = FACE_BOUND('',#219,.F.);
#219 = EDGE_LOOP('',(#220,#221,#222,#223,#231,#239));
#220 = ORIENTED_EDGE('',*,*,#110,.T.);
#221 = ORIENTED_EDGE('',*,*,#70,.T.);
#222 = ORIENTED_EDGE('',*,*,#174,.T.);
#223 = ORIENTED_EDGE('',*,*,#224,.T.);
#224 = EDGE_CURVE('',#175,#225,#227,.T.);
#225 = VERTEX_POINT('',#226);
#226 = CARTESIAN_POINT('',(-36.,-45.,30.));
#227 = LINE('',#228,#229);
#228 = CARTESIAN_POINT('',(-36.,-65.,30.));
#229 = VECTOR('',#230,1.);
#230 = DIRECTION('',(0.,1.,0.));
#231 = ORIENTED_EDGE('',*,*,#232,.T.);
#232 = EDGE_CURVE('',#225,#233,#235,.T.);
#233 = VERTEX_POINT('',#234);
#234 = CARTESIAN_POINT('',(-34.,-45.,30.));
#235 = LINE('',#236,#237);
#236 = CARTESIAN_POINT('',(-36.,-45.,30.));
#237 = VECTOR('',#238,1.);
#238 = DIRECTION('',(1.,0.,0.));
#239 = ORIENTED_EDGE('',*,*,#240,.T.);
#240 = EDGE_CURVE('',#233,#103,#241,.T.);
#241 = LINE('',#242,#243);
#242 = CARTESIAN_POINT('',(-34.,-45.,30.));
#243 = VECTOR('',#244,1.);
#244 = DIRECTION('',(-0.,-1.,-0.));
#245 = PLANE('',#246);
#246 = AXIS2_PLACEMENT_3D('',#247,#248,#249);
#247 = CARTESIAN_POINT('',(-33.4,-57.4,30.));
#248 = DIRECTION('',(0.,0.,1.));
#249 = DIRECTION('',(1.,0.,0.));
#250 = ADVANCED_FACE('',(#251,#304,#315,#413,#479,#529,#540,#551,#562,
    #624,#635),#646,.T.);
#251 = FACE_BOUND('',#252,.T.);
#252 = EDGE_LOOP('',(#253,#264,#270,#271,#279,#288,#297));
#253 = ORIENTED_EDGE('',*,*,#254,.F.);
#254 = EDGE_CURVE('',#255,#257,#259,.T.);
#255 = VERTEX_POINT('',#256);
#256 = CARTESIAN_POINT('',(-34.,4.E-15,2.));
#257 = VERTEX_POINT('',#258);
#258 = CARTESIAN_POINT('',(-29.44486372867,17.,2.));
#259 = CIRCLE('',#260,34.);
#260 = AXIS2_PLACEMENT_3D('',#261,#262,#263);
#261 = CARTESIAN_POINT('',(4.7E-15,0.,2.));
#262 = DIRECTION('',(0.,0.,-1.));
#263 = DIRECTION('',(1.,0.,0.));
#264 = ORIENTED_EDGE('',*,*,#265,.F.);
#265 = EDGE_CURVE('',#95,#255,#266,.T.);
#266 = LINE('',#267,#268);
#267 = CARTESIAN_POINT('',(-34.,-9.896119882702,2.));
#268 = VECTOR('',#269,1.);
#269 = DIRECTION('',(0.,1.,0.));
#270 = ORIENTED_EDGE('',*,*,#92,.F.);
#271 = ORIENTED_EDGE('',*,*,#272,.F.);
#272 = EDGE_CURVE('',#273,#93,#275,.T.);
#273 = VERTEX_POINT('',#274);
#274 = CARTESIAN_POINT('',(34.,0.,2.));
#275 = LINE('',#276,#277);
#276 = CARTESIAN_POINT('',(34.,-41.3961198827,2.));
#277 = VECTOR('',#278,1.);
#278 = DIRECTION('',(0.,-1.,0.));
#279 = ORIENTED_EDGE('',*,*,#280,.F.);
#280 = EDGE_CURVE('',#281,#273,#283,.T.);
#281 = VERTEX_POINT('',#282);
#282 = CARTESIAN_POINT('',(29.444863728671,17.,2.));
#283 = CIRCLE('',#284,34.);
#284 = AXIS2_PLACEMENT_3D('',#285,#286,#287);
#285 = CARTESIAN_POINT('',(4.7E-15,0.,2.));
#286 = DIRECTION('',(0.,0.,-1.));
#287 = DIRECTION('',(1.,0.,0.));
#288 = ORIENTED_EDGE('',*,*,#289,.F.);
#289 = EDGE_CURVE('',#290,#281,#292,.T.);
#290 = VERTEX_POINT('',#291);
#291 = CARTESIAN_POINT('',(-2.E-15,34.,2.));
#292 = CIRCLE('',#293,34.);
#293 = AXIS2_PLACEMENT_3D('',#294,#295,#296);
#294 = CARTESIAN_POINT('',(4.7E-15,0.,2.));
#295 = DIRECTION('',(0.,0.,-1.));
#296 = DIRECTION('',(1.,0.,0.));
#297 = ORIENTED_EDGE('',*,*,#298,.F.);
#298 = EDGE_CURVE('',#257,#290,#299,.T.);
#299 = CIRCLE('',#300,34.);
#300 = AXIS2_PLACEMENT_3D('',#301,#302,#303);
#301 = CARTESIAN_POINT('',(4.7E-15,0.,2.));
#302 = DIRECTION('',(0.,0.,-1.));
#303 = DIRECTION('',(1.,0.,0.));
#304 = FACE_BOUND('',#305,.T.);
#305 = EDGE_LOOP('',(#306));
#306 = ORIENTED_EDGE('',*,*,#307,.F.);
#307 = EDGE_CURVE('',#308,#308,#310,.T.);
#308 = VERTEX_POINT('',#309);
#309 = CARTESIAN_POINT('',(-27.4,-58.,2.));
#310 = CIRCLE('',#311,1.6);
#311 = AXIS2_PLACEMENT_3D('',#312,#313,#314);
#312 = CARTESIAN_POINT('',(-29.,-58.,2.));
#313 = DIRECTION('',(0.,0.,1.));
#314 = DIRECTION('',(1.,0.,0.));
#315 = FACE_BOUND('',#316,.T.);
#316 = EDGE_LOOP('',(#317,#327,#335,#343,#351,#359,#367,#375,#383,#391,
    #399,#407));
#317 = ORIENTED_EDGE('',*,*,#318,.T.);
#318 = EDGE_CURVE('',#319,#321,#323,.T.);
#319 = VERTEX_POINT('',#320);
#320 = CARTESIAN_POINT('',(-7.,-62.,2.));
#321 = VERTEX_POINT('',#322);
#322 = CARTESIAN_POINT('',(-7.,-57.,2.));
#323 = LINE('',#324,#325);
#324 = CARTESIAN_POINT('',(-7.,-40.8961198827,2.));
#325 = VECTOR('',#326,1.);
#326 = DIRECTION('',(2.2E-16,1.,0.));
#327 = ORIENTED_EDGE('',*,*,#328,.T.);
#328 = EDGE_CURVE('',#321,#329,#331,.T.);
#329 = VERTEX_POINT('',#330);
#330 = CARTESIAN_POINT('',(-6.323660714286,-57.,2.));
#331 = LINE('',#332,#333);
#332 = CARTESIAN_POINT('',(-3.5,-57.,2.));
#333 = VECTOR('',#334,1.);
#334 = DIRECTION('',(1.,-2.2E-16,0.));
#335 = ORIENTED_EDGE('',*,*,#336,.T.);
#336 = EDGE_CURVE('',#329,#337,#339,.T.);
#337 = VERTEX_POINT('',#338);
#338 = CARTESIAN_POINT('',(-6.323660714286,-59.05714285714,2.));
#339 = LINE('',#340,#341);
#340 = CARTESIAN_POINT('',(-6.323660714286,-38.3961198827,2.));
#341 = VECTOR('',#342,1.);
#342 = DIRECTION('',(-2.2E-16,-1.,0.));
#343 = ORIENTED_EDGE('',*,*,#344,.T.);
#344 = EDGE_CURVE('',#337,#345,#347,.T.);
#345 = VERTEX_POINT('',#346);
#346 = CARTESIAN_POINT('',(-3.866071428571,-59.05714285714,2.));
#347 = LINE('',#348,#349);
#348 = CARTESIAN_POINT('',(-3.161830357143,-59.05714285714,2.));
#349 = VECTOR('',#350,1.);
#350 = DIRECTION('',(1.,-2.2E-16,0.));
#351 = ORIENTED_EDGE('',*,*,#352,.T.);
#352 = EDGE_CURVE('',#345,#353,#355,.T.);
#353 = VERTEX_POINT('',#354);
#354 = CARTESIAN_POINT('',(-3.866071428571,-57.,2.));
#355 = LINE('',#356,#357);
#356 = CARTESIAN_POINT('',(-3.866071428571,-39.42469131127,2.));
#357 = VECTOR('',#358,1.);
#358 = DIRECTION('',(2.2E-16,1.,0.));
#359 = ORIENTED_EDGE('',*,*,#360,.T.);
#360 = EDGE_CURVE('',#353,#361,#363,.T.);
#361 = VERTEX_POINT('',#362);
#362 = CARTESIAN_POINT('',(-3.189732142857,-57.,2.));
#363 = LINE('',#364,#365);
#364 = CARTESIAN_POINT('',(-1.933035714286,-57.,2.));
#365 = VECTOR('',#366,1.);
#366 = DIRECTION('',(1.,-2.2E-16,0.));
#367 = ORIENTED_EDGE('',*,*,#368,.T.);
#368 = EDGE_CURVE('',#361,#369,#371,.T.);
#369 = VERTEX_POINT('',#370);
#370 = CARTESIAN_POINT('',(-3.189732142857,-62.,2.));
#371 = LINE('',#372,#373);
#372 = CARTESIAN_POINT('',(-3.189732142857,-38.3961198827,2.));
#373 = VECTOR('',#374,1.);
#374 = DIRECTION('',(-2.2E-16,-1.,0.));
#375 = ORIENTED_EDGE('',*,*,#376,.T.);
#376 = EDGE_CURVE('',#369,#377,#379,.T.);
#377 = VERTEX_POINT('',#378);
#378 = CARTESIAN_POINT('',(-3.866071428571,-62.,2.));
#379 = LINE('',#380,#381);
#380 = CARTESIAN_POINT('',(-1.594866071429,-62.,2.));
#381 = VECTOR('',#382,1.);
#382 = DIRECTION('',(-1.,2.2E-16,0.));
#383 = ORIENTED_EDGE('',*,*,#384,.T.);
#384 = EDGE_CURVE('',#377,#385,#387,.T.);
#385 = VERTEX_POINT('',#386);
#386 = CARTESIAN_POINT('',(-3.866071428571,-59.62857142857,2.));
#387 = LINE('',#388,#389);
#388 = CARTESIAN_POINT('',(-3.866071428571,-40.8961198827,2.));
#389 = VECTOR('',#390,1.);
#390 = DIRECTION('',(2.2E-16,1.,0.));
#391 = ORIENTED_EDGE('',*,*,#392,.T.);
#392 = EDGE_CURVE('',#385,#393,#395,.T.);
#393 = VERTEX_POINT('',#394);
#394 = CARTESIAN_POINT('',(-6.323660714286,-59.62857142857,2.));
#395 = LINE('',#396,#397);
#396 = CARTESIAN_POINT('',(-1.933035714286,-59.62857142857,2.));
#397 = VECTOR('',#398,1.);
#398 = DIRECTION('',(-1.,2.2E-16,0.));
#399 = ORIENTED_EDGE('',*,*,#400,.T.);
#400 = EDGE_CURVE('',#393,#401,#403,.T.);
#401 = VERTEX_POINT('',#402);
#402 = CARTESIAN_POINT('',(-6.323660714286,-62.,2.));
#403 = LINE('',#404,#405);
#404 = CARTESIAN_POINT('',(-6.323660714286,-39.71040559698,2.));
#405 = VECTOR('',#406,1.);
#406 = DIRECTION('',(-2.2E-16,-1.,0.));
#407 = ORIENTED_EDGE('',*,*,#408,.T.);
#408 = EDGE_CURVE('',#401,#319,#409,.T.);
#409 = LINE('',#410,#411);
#410 = CARTESIAN_POINT('',(-3.161830357143,-62.,2.));
#411 = VECTOR('',#412,1.);
#412 = DIRECTION('',(-1.,2.2E-16,0.));
#413 = FACE_BOUND('',#414,.T.);
#414 = EDGE_LOOP('',(#415,#425,#433,#441,#449,#457,#465,#473));
#415 = ORIENTED_EDGE('',*,*,#416,.T.);
#416 = EDGE_CURVE('',#417,#419,#421,.T.);
#417 = VERTEX_POINT('',#418);
#418 = CARTESIAN_POINT('',(-2.5359375,-57.57142857142,2.));
#419 = VERTEX_POINT('',#420);
#420 = CARTESIAN_POINT('',(-2.5359375,-57.,2.));
#421 = LINE('',#422,#423);
#422 = CARTESIAN_POINT('',(-2.5359375,-38.68183416841,2.));
#423 = VECTOR('',#424,1.);
#424 = DIRECTION('',(2.2E-16,1.,0.));
#425 = ORIENTED_EDGE('',*,*,#426,.T.);
#426 = EDGE_CURVE('',#419,#427,#429,.T.);
#427 = VERTEX_POINT('',#428);
#428 = CARTESIAN_POINT('',(1.692857142857,-57.,2.));
#429 = LINE('',#430,#431);
#430 = CARTESIAN_POINT('',(-1.26796875,-57.,2.));
#431 = VECTOR('',#432,1.);
#432 = DIRECTION('',(1.,-2.2E-16,0.));
#433 = ORIENTED_EDGE('',*,*,#434,.T.);
#434 = EDGE_CURVE('',#427,#435,#437,.T.);
#435 = VERTEX_POINT('',#436);
#436 = CARTESIAN_POINT('',(1.692857142857,-57.57142857142,2.));
#437 = LINE('',#438,#439);
#438 = CARTESIAN_POINT('',(1.692857142857,-38.3961198827,2.));
#439 = VECTOR('',#440,1.);
#440 = DIRECTION('',(-2.2E-16,-1.,0.));
#441 = ORIENTED_EDGE('',*,*,#442,.T.);
#442 = EDGE_CURVE('',#435,#443,#445,.T.);
#443 = VERTEX_POINT('',#444);
#444 = CARTESIAN_POINT('',(-8.169642857143E-02,-57.57142857142,2.));
#445 = LINE('',#446,#447);
#446 = CARTESIAN_POINT('',(0.846428571429,-57.57142857142,2.));
#447 = VECTOR('',#448,1.);
#448 = DIRECTION('',(-1.,2.2E-16,0.));
#449 = ORIENTED_EDGE('',*,*,#450,.T.);
#450 = EDGE_CURVE('',#443,#451,#453,.T.);
#451 = VERTEX_POINT('',#452);
#452 = CARTESIAN_POINT('',(-8.169642857143E-02,-62.,2.));
#453 = LINE('',#454,#455);
#454 = CARTESIAN_POINT('',(-8.169642857143E-02,-38.68183416841,2.));
#455 = VECTOR('',#456,1.);
#456 = DIRECTION('',(-2.2E-16,-1.,0.));
#457 = ORIENTED_EDGE('',*,*,#458,.T.);
#458 = EDGE_CURVE('',#451,#459,#461,.T.);
#459 = VERTEX_POINT('',#460);
#460 = CARTESIAN_POINT('',(-0.761383928571,-62.,2.));
#461 = LINE('',#462,#463);
#462 = CARTESIAN_POINT('',(-4.084821428572E-02,-62.,2.));
#463 = VECTOR('',#464,1.);
#464 = DIRECTION('',(-1.,2.2E-16,0.));
#465 = ORIENTED_EDGE('',*,*,#466,.T.);
#466 = EDGE_CURVE('',#459,#467,#469,.T.);
#467 = VERTEX_POINT('',#468);
#468 = CARTESIAN_POINT('',(-0.761383928571,-57.57142857142,2.));
#469 = LINE('',#470,#471);
#470 = CARTESIAN_POINT('',(-0.761383928571,-40.8961198827,2.));
#471 = VECTOR('',#472,1.);
#472 = DIRECTION('',(2.2E-16,1.,0.));
#473 = ORIENTED_EDGE('',*,*,#474,.T.);
#474 = EDGE_CURVE('',#467,#417,#475,.T.);
#475 = LINE('',#476,#477);
#476 = CARTESIAN_POINT('',(-0.380691964286,-57.57142857142,2.));
#477 = VECTOR('',#478,1.);
#478 = DIRECTION('',(-1.,2.2E-16,0.));
#479 = FACE_BOUND('',#480,.T.);
#480 = EDGE_LOOP('',(#481,#491,#499,#507,#515,#523));
#481 = ORIENTED_EDGE('',*,*,#482,.T.);
#482 = EDGE_CURVE('',#483,#485,#487,.T.);
#483 = VERTEX_POINT('',#484);
#484 = CARTESIAN_POINT('',(2.342857142857,-62.,2.));
#485 = VERTEX_POINT('',#486);
#486 = CARTESIAN_POINT('',(2.342857142857,-57.,2.));
#487 = LINE('',#488,#489);
#488 = CARTESIAN_POINT('',(2.342857142857,-40.8961198827,2.));
#489 = VECTOR('',#490,1.);
#490 = DIRECTION('',(2.2E-16,1.,0.));
#491 = ORIENTED_EDGE('',*,*,#492,.T.);
#492 = EDGE_CURVE('',#485,#493,#495,.T.);
#493 = VERTEX_POINT('',#494);
#494 = CARTESIAN_POINT('',(3.019196428571,-57.,2.));
#495 = LINE('',#496,#497);
#496 = CARTESIAN_POINT('',(1.171428571429,-57.,2.));
#497 = VECTOR('',#498,1.);
#498 = DIRECTION('',(1.,-2.2E-16,0.));
#499 = ORIENTED_EDGE('',*,*,#500,.T.);
#500 = EDGE_CURVE('',#493,#501,#503,.T.);
#501 = VERTEX_POINT('',#502);
#502 = CARTESIAN_POINT('',(3.019196428571,-61.42857142857,2.));
#503 = LINE('',#504,#505);
#504 = CARTESIAN_POINT('',(3.019196428571,-38.3961198827,2.));
#505 = VECTOR('',#506,1.);
#506 = DIRECTION('',(-2.2E-16,-1.,0.));
#507 = ORIENTED_EDGE('',*,*,#508,.T.);
#508 = EDGE_CURVE('',#501,#509,#511,.T.);
#509 = VERTEX_POINT('',#510);
#510 = CARTESIAN_POINT('',(5.453348214286,-61.42857142857,2.));
#511 = LINE('',#512,#513);
#512 = CARTESIAN_POINT('',(1.509598214286,-61.42857142857,2.));
#513 = VECTOR('',#514,1.);
#514 = DIRECTION('',(1.,-2.2E-16,0.));
#515 = ORIENTED_EDGE('',*,*,#516,.T.);
#516 = EDGE_CURVE('',#509,#517,#519,.T.);
#517 = VERTEX_POINT('',#518);
#518 = CARTESIAN_POINT('',(5.453348214286,-62.,2.));
#519 = LINE('',#520,#521);
#520 = CARTESIAN_POINT('',(5.453348214286,-40.61040559698,2.));
#521 = VECTOR('',#522,1.);
#522 = DIRECTION('',(-2.2E-16,-1.,0.));
#523 = ORIENTED_EDGE('',*,*,#524,.T.);
#524 = EDGE_CURVE('',#517,#483,#525,.T.);
#525 = LINE('',#526,#527);
#526 = CARTESIAN_POINT('',(2.726674107143,-62.,2.));
#527 = VECTOR('',#528,1.);
#528 = DIRECTION('',(-1.,2.2E-16,0.));
#529 = FACE_BOUND('',#530,.T.);
#530 = EDGE_LOOP('',(#531));
#531 = ORIENTED_EDGE('',*,*,#532,.F.);
#532 = EDGE_CURVE('',#533,#533,#535,.T.);
#533 = VERTEX_POINT('',#534);
#534 = CARTESIAN_POINT('',(30.6,-58.,2.));
#535 = CIRCLE('',#536,1.6);
#536 = AXIS2_PLACEMENT_3D('',#537,#538,#539);
#537 = CARTESIAN_POINT('',(29.,-58.,2.));
#538 = DIRECTION('',(0.,0.,1.));
#539 = DIRECTION('',(1.,0.,0.));
#540 = FACE_BOUND('',#541,.T.);
#541 = EDGE_LOOP('',(#542));
#542 = ORIENTED_EDGE('',*,*,#543,.F.);
#543 = EDGE_CURVE('',#544,#544,#546,.T.);
#544 = VERTEX_POINT('',#545);
#545 = CARTESIAN_POINT('',(-27.4,0.,2.));
#546 = CIRCLE('',#547,1.6);
#547 = AXIS2_PLACEMENT_3D('',#548,#549,#550);
#548 = CARTESIAN_POINT('',(-29.,0.,2.));
#549 = DIRECTION('',(0.,0.,1.));
#550 = DIRECTION('',(1.,0.,0.));
#551 = FACE_BOUND('',#552,.T.);
#552 = EDGE_LOOP('',(#553));
#553 = ORIENTED_EDGE('',*,*,#554,.F.);
#554 = EDGE_CURVE('',#555,#555,#557,.T.);
#555 = VERTEX_POINT('',#556);
#556 = CARTESIAN_POINT('',(-5.905752307973,28.011848962383,2.));
#557 = CIRCLE('',#558,1.6);
#558 = AXIS2_PLACEMENT_3D('',#559,#560,#561);
#559 = CARTESIAN_POINT('',(-7.505752307973,28.011848962383,2.));
#560 = DIRECTION('',(0.,0.,1.));
#561 = DIRECTION('',(1.,0.,0.));
#562 = FACE_BOUND('',#563,.T.);
#563 = EDGE_LOOP('',(#564,#575,#584,#593,#602,#610,#618));
#564 = ORIENTED_EDGE('',*,*,#565,.F.);
#565 = EDGE_CURVE('',#566,#568,#570,.T.);
#566 = VERTEX_POINT('',#567);
#567 = CARTESIAN_POINT('',(-22.51666049839,13.,2.));
#568 = VERTEX_POINT('',#569);
#569 = CARTESIAN_POINT('',(-26.,2.E-15,2.));
#570 = CIRCLE('',#571,26.);
#571 = AXIS2_PLACEMENT_3D('',#572,#573,#574);
#572 = CARTESIAN_POINT('',(4.7E-15,0.,2.));
#573 = DIRECTION('',(0.,0.,1.));
#574 = DIRECTION('',(1.,0.,0.));
#575 = ORIENTED_EDGE('',*,*,#576,.F.);
#576 = EDGE_CURVE('',#577,#566,#579,.T.);
#577 = VERTEX_POINT('',#578);
#578 = CARTESIAN_POINT('',(1.E-15,26.,2.));
#579 = CIRCLE('',#580,26.);
#580 = AXIS2_PLACEMENT_3D('',#581,#582,#583);
#581 = CARTESIAN_POINT('',(4.7E-15,0.,2.));
#582 = DIRECTION('',(0.,0.,1.));
#583 = DIRECTION('',(1.,0.,0.));
#584 = ORIENTED_EDGE('',*,*,#585,.F.);
#585 = EDGE_CURVE('',#586,#577,#588,.T.);
#586 = VERTEX_POINT('',#587);
#587 = CARTESIAN_POINT('',(22.5166605368,12.999999933481,2.));
#588 = CIRCLE('',#589,26.);
#589 = AXIS2_PLACEMENT_3D('',#590,#591,#592);
#590 = CARTESIAN_POINT('',(4.7E-15,0.,2.));
#591 = DIRECTION('',(0.,0.,1.));
#592 = DIRECTION('',(1.,0.,0.));
#593 = ORIENTED_EDGE('',*,*,#594,.F.);
#594 = EDGE_CURVE('',#595,#586,#597,.T.);
#595 = VERTEX_POINT('',#596);
#596 = CARTESIAN_POINT('',(26.,0.,2.));
#597 = CIRCLE('',#598,26.);
#598 = AXIS2_PLACEMENT_3D('',#599,#600,#601);
#599 = CARTESIAN_POINT('',(4.7E-15,0.,2.));
#600 = DIRECTION('',(0.,0.,1.));
#601 = DIRECTION('',(1.,0.,0.));
#602 = ORIENTED_EDGE('',*,*,#603,.T.);
#603 = EDGE_CURVE('',#595,#604,#606,.T.);
#604 = VERTEX_POINT('',#605);
#605 = CARTESIAN_POINT('',(26.,-55.,2.));
#606 = LINE('',#607,#608);
#607 = CARTESIAN_POINT('',(26.,0.,2.));
#608 = VECTOR('',#609,1.);
#609 = DIRECTION('',(0.,-1.,0.));
#610 = ORIENTED_EDGE('',*,*,#611,.T.);
#611 = EDGE_CURVE('',#604,#612,#614,.T.);
#612 = VERTEX_POINT('',#613);
#613 = CARTESIAN_POINT('',(-26.,-55.,2.));
#614 = LINE('',#615,#616);
#615 = CARTESIAN_POINT('',(26.,-55.,2.));
#616 = VECTOR('',#617,1.);
#617 = DIRECTION('',(-1.,0.,0.));
#618 = ORIENTED_EDGE('',*,*,#619,.T.);
#619 = EDGE_CURVE('',#612,#568,#620,.T.);
#620 = LINE('',#621,#622);
#621 = CARTESIAN_POINT('',(-26.,-55.,2.));
#622 = VECTOR('',#623,1.);
#623 = DIRECTION('',(0.,1.,0.));
#624 = FACE_BOUND('',#625,.T.);
#625 = EDGE_LOOP('',(#626));
#626 = ORIENTED_EDGE('',*,*,#627,.F.);
#627 = EDGE_CURVE('',#628,#628,#630,.T.);
#628 = VERTEX_POINT('',#629);
#629 = CARTESIAN_POINT('',(30.6,0.,2.));
#630 = CIRCLE('',#631,1.6);
#631 = AXIS2_PLACEMENT_3D('',#632,#633,#634);
#632 = CARTESIAN_POINT('',(29.,0.,2.));
#633 = DIRECTION('',(0.,0.,1.));
#634 = DIRECTION('',(1.,0.,0.));
#635 = FACE_BOUND('',#636,.T.);
#636 = EDGE_LOOP('',(#637));
#637 = ORIENTED_EDGE('',*,*,#638,.F.);
#638 = EDGE_CURVE('',#639,#639,#641,.T.);
#639 = VERTEX_POINT('',#640);
#640 = CARTESIAN_POINT('',(9.105752307973,28.011848962383,2.));
#641 = CIRCLE('',#642,1.6);
#642 = AXIS2_PLACEMENT_3D('',#643,#644,#645);
#643 = CARTESIAN_POINT('',(7.505752307973,28.011848962383,2.));
#644 = DIRECTION('',(0.,0.,1.));
#645 = DIRECTION('',(1.,0.,0.));
#646 = PLANE('',#647);
#647 = AXIS2_PLACEMENT_3D('',#648,#649,#650);
#648 = CARTESIAN_POINT('',(4.37E-15,-19.7922397654,2.));
#649 = DIRECTION('',(0.,0.,1.));
#650 = DIRECTION('',(1.,0.,0.));
#651 = ADVANCED_FACE('',(#652,#679,#690,#701),#712,.T.);
#652 = FACE_BOUND('',#653,.T.);
#653 = EDGE_LOOP('',(#654,#664,#670,#671,#672,#673));
#654 = ORIENTED_EDGE('',*,*,#655,.T.);
#655 = EDGE_CURVE('',#656,#658,#660,.T.);
#656 = VERTEX_POINT('',#657);
#657 = CARTESIAN_POINT('',(-34.,4.E-15,10.));
#658 = VERTEX_POINT('',#659);
#659 = CARTESIAN_POINT('',(-34.,-45.,10.));
#660 = LINE('',#661,#662);
#661 = CARTESIAN_POINT('',(-34.,4.16E-15,10.));
#662 = VECTOR('',#663,1.);
#663 = DIRECTION('',(0.,-1.,0.));
#664 = ORIENTED_EDGE('',*,*,#665,.T.);
#665 = EDGE_CURVE('',#658,#233,#666,.T.);
#666 = LINE('',#667,#668);
#667 = CARTESIAN_POINT('',(-34.,-45.,0.));
#668 = VECTOR('',#669,1.);
#669 = DIRECTION('',(0.,0.,1.));
#670 = ORIENTED_EDGE('',*,*,#240,.T.);
#671 = ORIENTED_EDGE('',*,*,#102,.F.);
#672 = ORIENTED_EDGE('',*,*,#265,.T.);
#673 = ORIENTED_EDGE('',*,*,#674,.T.);
#674 = EDGE_CURVE('',#255,#656,#675,.T.);
#675 = LINE('',#676,#677);
#676 = CARTESIAN_POINT('',(-34.,4.16E-15,0.));
#677 = VECTOR('',#678,1.);
#678 = DIRECTION('',(0.,0.,1.));
#679 = FACE_BOUND('',#680,.T.);
#680 = EDGE_LOOP('',(#681));
#681 = ORIENTED_EDGE('',*,*,#682,.F.);
#682 = EDGE_CURVE('',#683,#683,#685,.T.);
#683 = VERTEX_POINT('',#684);
#684 = CARTESIAN_POINT('',(-34.,-48.4,7.3));
#685 = CIRCLE('',#686,1.6);
#686 = AXIS2_PLACEMENT_3D('',#687,#688,#689);
#687 = CARTESIAN_POINT('',(-34.,-50.,7.3));
#688 = DIRECTION('',(1.,0.,0.));
#689 = DIRECTION('',(0.,1.,0.));
#690 = FACE_BOUND('',#691,.T.);
#691 = EDGE_LOOP('',(#692));
#692 = ORIENTED_EDGE('',*,*,#693,.F.);
#693 = EDGE_CURVE('',#694,#694,#696,.T.);
#694 = VERTEX_POINT('',#695);
#695 = CARTESIAN_POINT('',(-34.,-48.4,25.));
#696 = CIRCLE('',#697,1.6);
#697 = AXIS2_PLACEMENT_3D('',#698,#699,#700);
#698 = CARTESIAN_POINT('',(-34.,-50.,25.));
#699 = DIRECTION('',(1.,0.,0.));
#700 = DIRECTION('',(0.,1.,0.));
#701 = FACE_BOUND('',#702,.T.);
#702 = EDGE_LOOP('',(#703));
#703 = ORIENTED_EDGE('',*,*,#704,.F.);
#704 = EDGE_CURVE('',#705,#705,#707,.T.);
#705 = VERTEX_POINT('',#706);
#706 = CARTESIAN_POINT('',(-34.,-56.9,16.15));
#707 = CIRCLE('',#708,2.1);
#708 = AXIS2_PLACEMENT_3D('',#709,#710,#711);
#709 = CARTESIAN_POINT('',(-34.,-59.,16.15));
#710 = DIRECTION('',(1.,0.,0.));
#711 = DIRECTION('',(0.,1.,0.));
#712 = PLANE('',#713);
#713 = AXIS2_PLACEMENT_3D('',#714,#715,#716);
#714 = CARTESIAN_POINT('',(-34.,-36.44505494505,11.054945054945));
#715 = DIRECTION('',(1.,0.,4.5E-16));
#716 = DIRECTION('',(-4.5E-16,0.,1.));
#717 = ADVANCED_FACE('',(#718),#745,.T.);
#718 = FACE_BOUND('',#719,.T.);
#719 = EDGE_LOOP('',(#720,#721,#722,#723,#731,#739));
#720 = ORIENTED_EDGE('',*,*,#126,.T.);
#721 = ORIENTED_EDGE('',*,*,#150,.T.);
#722 = ORIENTED_EDGE('',*,*,#206,.T.);
#723 = ORIENTED_EDGE('',*,*,#724,.T.);
#724 = EDGE_CURVE('',#199,#725,#727,.T.);
#725 = VERTEX_POINT('',#726);
#726 = CARTESIAN_POINT('',(36.,-45.,30.));
#727 = LINE('',#728,#729);
#728 = CARTESIAN_POINT('',(36.,-65.,30.));
#729 = VECTOR('',#730,1.);
#730 = DIRECTION('',(0.,1.,0.));
#731 = ORIENTED_EDGE('',*,*,#732,.T.);
#732 = EDGE_CURVE('',#725,#733,#735,.T.);
#733 = VERTEX_POINT('',#734);
#734 = CARTESIAN_POINT('',(34.,-45.,30.));
#735 = LINE('',#736,#737);
#736 = CARTESIAN_POINT('',(36.,-45.,30.));
#737 = VECTOR('',#738,1.);
#738 = DIRECTION('',(-1.,0.,0.));
#739 = ORIENTED_EDGE('',*,*,#740,.T.);
#740 = EDGE_CURVE('',#733,#127,#741,.T.);
#741 = LINE('',#742,#743);
#742 = CARTESIAN_POINT('',(34.,-45.,30.));
#743 = VECTOR('',#744,1.);
#744 = DIRECTION('',(0.,-1.,0.));
#745 = PLANE('',#746);
#746 = AXIS2_PLACEMENT_3D('',#747,#748,#749);
#747 = CARTESIAN_POINT('',(33.4,-57.4,30.));
#748 = DIRECTION('',(0.,0.,1.));
#749 = DIRECTION('',(1.,0.,0.));
#750 = ADVANCED_FACE('',(#751,#778,#789,#800),#811,.T.);
#751 = FACE_BOUND('',#752,.T.);
#752 = EDGE_LOOP('',(#753,#761,#762,#763,#764,#772));
#753 = ORIENTED_EDGE('',*,*,#754,.F.);
#754 = EDGE_CURVE('',#273,#755,#757,.T.);
#755 = VERTEX_POINT('',#756);
#756 = CARTESIAN_POINT('',(34.,0.,10.));
#757 = LINE('',#758,#759);
#758 = CARTESIAN_POINT('',(34.,0.,0.));
#759 = VECTOR('',#760,1.);
#760 = DIRECTION('',(0.,0.,1.));
#761 = ORIENTED_EDGE('',*,*,#272,.T.);
#762 = ORIENTED_EDGE('',*,*,#134,.T.);
#763 = ORIENTED_EDGE('',*,*,#740,.F.);
#764 = ORIENTED_EDGE('',*,*,#765,.F.);
#765 = EDGE_CURVE('',#766,#733,#768,.T.);
#766 = VERTEX_POINT('',#767);
#767 = CARTESIAN_POINT('',(34.,-45.,10.));
#768 = LINE('',#769,#770);
#769 = CARTESIAN_POINT('',(34.,-45.,0.));
#770 = VECTOR('',#771,1.);
#771 = DIRECTION('',(0.,0.,1.));
#772 = ORIENTED_EDGE('',*,*,#773,.T.);
#773 = EDGE_CURVE('',#766,#755,#774,.T.);
#774 = LINE('',#775,#776);
#775 = CARTESIAN_POINT('',(34.,-63.,10.));
#776 = VECTOR('',#777,1.);
#777 = DIRECTION('',(0.,1.,0.));
#778 = FACE_BOUND('',#779,.T.);
#779 = EDGE_LOOP('',(#780));
#780 = ORIENTED_EDGE('',*,*,#781,.T.);
#781 = EDGE_CURVE('',#782,#782,#784,.T.);
#782 = VERTEX_POINT('',#783);
#783 = CARTESIAN_POINT('',(34.,-48.4,25.));
#784 = CIRCLE('',#785,1.6);
#785 = AXIS2_PLACEMENT_3D('',#786,#787,#788);
#786 = CARTESIAN_POINT('',(34.,-50.,25.));
#787 = DIRECTION('',(1.,0.,0.));
#788 = DIRECTION('',(0.,1.,0.));
#789 = FACE_BOUND('',#790,.T.);
#790 = EDGE_LOOP('',(#791));
#791 = ORIENTED_EDGE('',*,*,#792,.T.);
#792 = EDGE_CURVE('',#793,#793,#795,.T.);
#793 = VERTEX_POINT('',#794);
#794 = CARTESIAN_POINT('',(34.,-48.4,7.3));
#795 = CIRCLE('',#796,1.6);
#796 = AXIS2_PLACEMENT_3D('',#797,#798,#799);
#797 = CARTESIAN_POINT('',(34.,-50.,7.3));
#798 = DIRECTION('',(1.,0.,0.));
#799 = DIRECTION('',(0.,1.,0.));
#800 = FACE_BOUND('',#801,.T.);
#801 = EDGE_LOOP('',(#802));
#802 = ORIENTED_EDGE('',*,*,#803,.T.);
#803 = EDGE_CURVE('',#804,#804,#806,.T.);
#804 = VERTEX_POINT('',#805);
#805 = CARTESIAN_POINT('',(34.,-56.9,16.15));
#806 = CIRCLE('',#807,2.1);
#807 = AXIS2_PLACEMENT_3D('',#808,#809,#810);
#808 = CARTESIAN_POINT('',(34.,-59.,16.15));
#809 = DIRECTION('',(1.,0.,0.));
#810 = DIRECTION('',(0.,1.,0.));
#811 = PLANE('',#812);
#812 = AXIS2_PLACEMENT_3D('',#813,#814,#815);
#813 = CARTESIAN_POINT('',(34.,-36.44505494505,11.054945054945));
#814 = DIRECTION('',(-1.,-0.,-0.));
#815 = DIRECTION('',(0.,0.,-1.));
#816 = ADVANCED_FACE('',(#817,#851,#862,#873),#884,.T.);
#817 = FACE_BOUND('',#818,.T.);
#818 = EDGE_LOOP('',(#819,#829,#835,#836,#837,#845));
#819 = ORIENTED_EDGE('',*,*,#820,.F.);
#820 = EDGE_CURVE('',#821,#823,#825,.T.);
#821 = VERTEX_POINT('',#822);
#822 = CARTESIAN_POINT('',(-36.,-3.440930106817,0.));
#823 = VERTEX_POINT('',#824);
#824 = CARTESIAN_POINT('',(-36.,-3.440930106817,10.));
#825 = LINE('',#826,#827);
#826 = CARTESIAN_POINT('',(-36.,-3.440930106817,0.));
#827 = VECTOR('',#828,1.);
#828 = DIRECTION('',(0.,0.,1.));
#829 = ORIENTED_EDGE('',*,*,#830,.T.);
#830 = EDGE_CURVE('',#821,#183,#831,.T.);
#831 = LINE('',#832,#833);
#832 = CARTESIAN_POINT('',(-36.,4.41E-15,0.));
#833 = VECTOR('',#834,1.);
#834 = DIRECTION('',(0.,-1.,0.));
#835 = ORIENTED_EDGE('',*,*,#182,.T.);
#836 = ORIENTED_EDGE('',*,*,#224,.T.);
#837 = ORIENTED_EDGE('',*,*,#838,.F.);
#838 = EDGE_CURVE('',#839,#225,#841,.T.);
#839 = VERTEX_POINT('',#840);
#840 = CARTESIAN_POINT('',(-36.,-45.,10.));
#841 = LINE('',#842,#843);
#842 = CARTESIAN_POINT('',(-36.,-45.,0.));
#843 = VECTOR('',#844,1.);
#844 = DIRECTION('',(0.,0.,1.));
#845 = ORIENTED_EDGE('',*,*,#846,.F.);
#846 = EDGE_CURVE('',#823,#839,#847,.T.);
#847 = LINE('',#848,#849);
#848 = CARTESIAN_POINT('',(-36.,-3.440930106817,10.));
#849 = VECTOR('',#850,1.);
#850 = DIRECTION('',(0.,-1.,0.));
#851 = FACE_BOUND('',#852,.T.);
#852 = EDGE_LOOP('',(#853));
#853 = ORIENTED_EDGE('',*,*,#854,.T.);
#854 = EDGE_CURVE('',#855,#855,#857,.T.);
#855 = VERTEX_POINT('',#856);
#856 = CARTESIAN_POINT('',(-36.,-48.4,25.));
#857 = CIRCLE('',#858,1.6);
#858 = AXIS2_PLACEMENT_3D('',#859,#860,#861);
#859 = CARTESIAN_POINT('',(-36.,-50.,25.));
#860 = DIRECTION('',(1.,0.,0.));
#861 = DIRECTION('',(0.,1.,0.));
#862 = FACE_BOUND('',#863,.T.);
#863 = EDGE_LOOP('',(#864));
#864 = ORIENTED_EDGE('',*,*,#865,.T.);
#865 = EDGE_CURVE('',#866,#866,#868,.T.);
#866 = VERTEX_POINT('',#867);
#867 = CARTESIAN_POINT('',(-36.,-48.4,7.3));
#868 = CIRCLE('',#869,1.6);
#869 = AXIS2_PLACEMENT_3D('',#870,#871,#872);
#870 = CARTESIAN_POINT('',(-36.,-50.,7.3));
#871 = DIRECTION('',(1.,0.,0.));
#872 = DIRECTION('',(0.,1.,0.));
#873 = FACE_BOUND('',#874,.T.);
#874 = EDGE_LOOP('',(#875));
#875 = ORIENTED_EDGE('',*,*,#876,.T.);
#876 = EDGE_CURVE('',#877,#877,#879,.T.);
#877 = VERTEX_POINT('',#878);
#878 = CARTESIAN_POINT('',(-36.,-56.9,16.15));
#879 = CIRCLE('',#880,2.1);
#880 = AXIS2_PLACEMENT_3D('',#881,#882,#883);
#881 = CARTESIAN_POINT('',(-36.,-59.,16.15));
#882 = DIRECTION('',(1.,0.,0.));
#883 = DIRECTION('',(0.,1.,0.));
#884 = PLANE('',#885);
#885 = AXIS2_PLACEMENT_3D('',#886,#887,#888);
#886 = CARTESIAN_POINT('',(-36.,-38.7595096223,10.460955431104));
#887 = DIRECTION('',(-1.,-0.,-0.));
#888 = DIRECTION('',(0.,0.,-1.));
#889 = ADVANCED_FACE('',(#890,#945,#956,#1006,#1072,#1170,#1181,#1216,
    #1227,#1238,#1249,#1305),#1316,.T.);
#890 = FACE_BOUND('',#891,.T.);
#891 = EDGE_LOOP('',(#892,#900,#901,#902,#911,#920,#929,#938));
#892 = ORIENTED_EDGE('',*,*,#893,.F.);
#893 = EDGE_CURVE('',#191,#894,#896,.T.);
#894 = VERTEX_POINT('',#895);
#895 = CARTESIAN_POINT('',(36.,-3.440930106817,0.));
#896 = LINE('',#897,#898);
#897 = CARTESIAN_POINT('',(36.,-65.,0.));
#898 = VECTOR('',#899,1.);
#899 = DIRECTION('',(2.2E-16,1.,0.));
#900 = ORIENTED_EDGE('',*,*,#190,.F.);
#901 = ORIENTED_EDGE('',*,*,#830,.F.);
#902 = ORIENTED_EDGE('',*,*,#903,.F.);
#903 = EDGE_CURVE('',#904,#821,#906,.T.);
#904 = VERTEX_POINT('',#905);
#905 = CARTESIAN_POINT('',(-43.,7.8,0.));
#906 = CIRCLE('',#907,7.8);
#907 = AXIS2_PLACEMENT_3D('',#908,#909,#910);
#908 = CARTESIAN_POINT('',(-43.,0.,0.));
#909 = DIRECTION('',(0.,0.,1.));
#910 = DIRECTION('',(1.,0.,0.));
#911 = ORIENTED_EDGE('',*,*,#912,.T.);
#912 = EDGE_CURVE('',#904,#913,#915,.T.);
#913 = VERTEX_POINT('',#914);
#914 = CARTESIAN_POINT('',(-38.38327835223,11.257172954842,0.));
#915 = CIRCLE('',#916,4.811180124224);
#916 = AXIS2_PLACEMENT_3D('',#917,#918,#919);
#917 = CARTESIAN_POINT('',(-43.,12.611180124224,0.));
#918 = DIRECTION('',(0.,0.,1.));
#919 = DIRECTION('',(1.,0.,0.));
#920 = ORIENTED_EDGE('',*,*,#921,.F.);
#921 = EDGE_CURVE('',#922,#913,#924,.T.);
#922 = VERTEX_POINT('',#923);
#923 = CARTESIAN_POINT('',(38.38327835223,11.257172954842,0.));
#924 = CIRCLE('',#925,40.);
#925 = AXIS2_PLACEMENT_3D('',#926,#927,#928);
#926 = CARTESIAN_POINT('',(9.7E-16,0.,0.));
#927 = DIRECTION('',(0.,0.,1.));
#928 = DIRECTION('',(1.,0.,0.));
#929 = ORIENTED_EDGE('',*,*,#930,.T.);
#930 = EDGE_CURVE('',#922,#931,#933,.T.);
#931 = VERTEX_POINT('',#932);
#932 = CARTESIAN_POINT('',(43.,7.8,0.));
#933 = CIRCLE('',#934,4.811180124224);
#934 = AXIS2_PLACEMENT_3D('',#935,#936,#937);
#935 = CARTESIAN_POINT('',(43.,12.611180124224,0.));
#936 = DIRECTION('',(0.,0.,1.));
#937 = DIRECTION('',(1.,0.,0.));
#938 = ORIENTED_EDGE('',*,*,#939,.F.);
#939 = EDGE_CURVE('',#894,#931,#940,.T.);
#940 = CIRCLE('',#941,7.8);
#941 = AXIS2_PLACEMENT_3D('',#942,#943,#944);
#942 = CARTESIAN_POINT('',(43.,0.,0.));
#943 = DIRECTION('',(0.,0.,1.));
#944 = DIRECTION('',(1.,0.,0.));
#945 = FACE_BOUND('',#946,.T.);
#946 = EDGE_LOOP('',(#947));
#947 = ORIENTED_EDGE('',*,*,#948,.T.);
#948 = EDGE_CURVE('',#949,#949,#951,.T.);
#949 = VERTEX_POINT('',#950);
#950 = CARTESIAN_POINT('',(30.6,-58.,0.));
#951 = CIRCLE('',#952,1.6);
#952 = AXIS2_PLACEMENT_3D('',#953,#954,#955);
#953 = CARTESIAN_POINT('',(29.,-58.,0.));
#954 = DIRECTION('',(0.,0.,1.));
#955 = DIRECTION('',(1.,0.,0.));
#956 = FACE_BOUND('',#957,.T.);
#957 = EDGE_LOOP('',(#958,#968,#976,#984,#992,#1000));
#958 = ORIENTED_EDGE('',*,*,#959,.T.);
#959 = EDGE_CURVE('',#960,#962,#964,.T.);
#960 = VERTEX_POINT('',#961);
#961 = CARTESIAN_POINT('',(3.019196428571,-61.42857142857,0.));
#962 = VERTEX_POINT('',#963);
#963 = CARTESIAN_POINT('',(3.019196428571,-57.,0.));
#964 = LINE('',#965,#966);
#965 = CARTESIAN_POINT('',(3.019196428571,-36.74777294924,0.));
#966 = VECTOR('',#967,1.);
#967 = DIRECTION('',(2.2E-16,1.,0.));
#968 = ORIENTED_EDGE('',*,*,#969,.T.);
#969 = EDGE_CURVE('',#962,#970,#972,.T.);
#970 = VERTEX_POINT('',#971);
#971 = CARTESIAN_POINT('',(2.342857142857,-57.,0.));
#972 = LINE('',#973,#974);
#973 = CARTESIAN_POINT('',(1.171428571429,-57.,0.));
#974 = VECTOR('',#975,1.);
#975 = DIRECTION('',(-1.,2.2E-16,0.));
#976 = ORIENTED_EDGE('',*,*,#977,.T.);
#977 = EDGE_CURVE('',#970,#978,#980,.T.);
#978 = VERTEX_POINT('',#979);
#979 = CARTESIAN_POINT('',(2.342857142857,-62.,0.));
#980 = LINE('',#981,#982);
#981 = CARTESIAN_POINT('',(2.342857142857,-39.24777294924,0.));
#982 = VECTOR('',#983,1.);
#983 = DIRECTION('',(-2.2E-16,-1.,0.));
#984 = ORIENTED_EDGE('',*,*,#985,.T.);
#985 = EDGE_CURVE('',#978,#986,#988,.T.);
#986 = VERTEX_POINT('',#987);
#987 = CARTESIAN_POINT('',(5.453348214286,-62.,0.));
#988 = LINE('',#989,#990);
#989 = CARTESIAN_POINT('',(2.726674107143,-62.,0.));
#990 = VECTOR('',#991,1.);
#991 = DIRECTION('',(1.,-2.2E-16,0.));
#992 = ORIENTED_EDGE('',*,*,#993,.T.);
#993 = EDGE_CURVE('',#986,#994,#996,.T.);
#994 = VERTEX_POINT('',#995);
#995 = CARTESIAN_POINT('',(5.453348214286,-61.42857142857,0.));
#996 = LINE('',#997,#998);
#997 = CARTESIAN_POINT('',(5.453348214286,-38.96205866352,0.));
#998 = VECTOR('',#999,1.);
#999 = DIRECTION('',(2.2E-16,1.,0.));
#1000 = ORIENTED_EDGE('',*,*,#1001,.T.);
#1001 = EDGE_CURVE('',#994,#960,#1002,.T.);
#1002 = LINE('',#1003,#1004);
#1003 = CARTESIAN_POINT('',(1.509598214286,-61.42857142857,0.));
#1004 = VECTOR('',#1005,1.);
#1005 = DIRECTION('',(-1.,2.2E-16,0.));
#1006 = FACE_BOUND('',#1007,.T.);
#1007 = EDGE_LOOP('',(#1008,#1018,#1026,#1034,#1042,#1050,#1058,#1066));
#1008 = ORIENTED_EDGE('',*,*,#1009,.T.);
#1009 = EDGE_CURVE('',#1010,#1012,#1014,.T.);
#1010 = VERTEX_POINT('',#1011);
#1011 = CARTESIAN_POINT('',(1.692857142857,-57.57142857142,0.));
#1012 = VERTEX_POINT('',#1013);
#1013 = CARTESIAN_POINT('',(1.692857142857,-57.,0.));
#1014 = LINE('',#1015,#1016);
#1015 = CARTESIAN_POINT('',(1.692857142857,-36.74777294924,0.));
#1016 = VECTOR('',#1017,1.);
#1017 = DIRECTION('',(2.2E-16,1.,0.));
#1018 = ORIENTED_EDGE('',*,*,#1019,.T.);
#1019 = EDGE_CURVE('',#1012,#1020,#1022,.T.);
#1020 = VERTEX_POINT('',#1021);
#1021 = CARTESIAN_POINT('',(-2.5359375,-57.,0.));
#1022 = LINE('',#1023,#1024);
#1023 = CARTESIAN_POINT('',(-1.26796875,-57.,0.));
#1024 = VECTOR('',#1025,1.);
#1025 = DIRECTION('',(-1.,2.2E-16,0.));
#1026 = ORIENTED_EDGE('',*,*,#1027,.T.);
#1027 = EDGE_CURVE('',#1020,#1028,#1030,.T.);
#1028 = VERTEX_POINT('',#1029);
#1029 = CARTESIAN_POINT('',(-2.5359375,-57.57142857142,0.));
#1030 = LINE('',#1031,#1032);
#1031 = CARTESIAN_POINT('',(-2.5359375,-37.03348723495,0.));
#1032 = VECTOR('',#1033,1.);
#1033 = DIRECTION('',(-2.2E-16,-1.,0.));
#1034 = ORIENTED_EDGE('',*,*,#1035,.T.);
#1035 = EDGE_CURVE('',#1028,#1036,#1038,.T.);
#1036 = VERTEX_POINT('',#1037);
#1037 = CARTESIAN_POINT('',(-0.761383928571,-57.57142857142,0.));
#1038 = LINE('',#1039,#1040);
#1039 = CARTESIAN_POINT('',(-0.380691964286,-57.57142857142,0.));
#1040 = VECTOR('',#1041,1.);
#1041 = DIRECTION('',(1.,-2.2E-16,0.));
#1042 = ORIENTED_EDGE('',*,*,#1043,.T.);
#1043 = EDGE_CURVE('',#1036,#1044,#1046,.T.);
#1044 = VERTEX_POINT('',#1045);
#1045 = CARTESIAN_POINT('',(-0.761383928571,-62.,0.));
#1046 = LINE('',#1047,#1048);
#1047 = CARTESIAN_POINT('',(-0.761383928571,-39.24777294924,0.));
#1048 = VECTOR('',#1049,1.);
#1049 = DIRECTION('',(-2.2E-16,-1.,0.));
#1050 = ORIENTED_EDGE('',*,*,#1051,.T.);
#1051 = EDGE_CURVE('',#1044,#1052,#1054,.T.);
#1052 = VERTEX_POINT('',#1053);
#1053 = CARTESIAN_POINT('',(-8.169642857143E-02,-62.,0.));
#1054 = LINE('',#1055,#1056);
#1055 = CARTESIAN_POINT('',(-4.084821428572E-02,-62.,0.));
#1056 = VECTOR('',#1057,1.);
#1057 = DIRECTION('',(1.,-2.2E-16,0.));
#1058 = ORIENTED_EDGE('',*,*,#1059,.T.);
#1059 = EDGE_CURVE('',#1052,#1060,#1062,.T.);
#1060 = VERTEX_POINT('',#1061);
#1061 = CARTESIAN_POINT('',(-8.169642857143E-02,-57.57142857142,0.));
#1062 = LINE('',#1063,#1064);
#1063 = CARTESIAN_POINT('',(-8.169642857143E-02,-37.03348723495,0.));
#1064 = VECTOR('',#1065,1.);
#1065 = DIRECTION('',(2.2E-16,1.,0.));
#1066 = ORIENTED_EDGE('',*,*,#1067,.T.);
#1067 = EDGE_CURVE('',#1060,#1010,#1068,.T.);
#1068 = LINE('',#1069,#1070);
#1069 = CARTESIAN_POINT('',(0.846428571429,-57.57142857142,0.));
#1070 = VECTOR('',#1071,1.);
#1071 = DIRECTION('',(1.,-2.2E-16,0.));
#1072 = FACE_BOUND('',#1073,.T.);
#1073 = EDGE_LOOP('',(#1074,#1084,#1092,#1100,#1108,#1116,#1124,#1132,
    #1140,#1148,#1156,#1164));
#1074 = ORIENTED_EDGE('',*,*,#1075,.T.);
#1075 = EDGE_CURVE('',#1076,#1078,#1080,.T.);
#1076 = VERTEX_POINT('',#1077);
#1077 = CARTESIAN_POINT('',(-6.323660714286,-59.05714285714,0.));
#1078 = VERTEX_POINT('',#1079);
#1079 = CARTESIAN_POINT('',(-6.323660714286,-57.,0.));
#1080 = LINE('',#1081,#1082);
#1081 = CARTESIAN_POINT('',(-6.323660714286,-36.74777294924,0.));
#1082 = VECTOR('',#1083,1.);
#1083 = DIRECTION('',(2.2E-16,1.,0.));
#1084 = ORIENTED_EDGE('',*,*,#1085,.T.);
#1085 = EDGE_CURVE('',#1078,#1086,#1088,.T.);
#1086 = VERTEX_POINT('',#1087);
#1087 = CARTESIAN_POINT('',(-7.,-57.,0.));
#1088 = LINE('',#1089,#1090);
#1089 = CARTESIAN_POINT('',(-3.5,-57.,0.));
#1090 = VECTOR('',#1091,1.);
#1091 = DIRECTION('',(-1.,2.2E-16,0.));
#1092 = ORIENTED_EDGE('',*,*,#1093,.T.);
#1093 = EDGE_CURVE('',#1086,#1094,#1096,.T.);
#1094 = VERTEX_POINT('',#1095);
#1095 = CARTESIAN_POINT('',(-7.,-62.,0.));
#1096 = LINE('',#1097,#1098);
#1097 = CARTESIAN_POINT('',(-7.,-39.24777294924,0.));
#1098 = VECTOR('',#1099,1.);
#1099 = DIRECTION('',(-2.2E-16,-1.,0.));
#1100 = ORIENTED_EDGE('',*,*,#1101,.T.);
#1101 = EDGE_CURVE('',#1094,#1102,#1104,.T.);
#1102 = VERTEX_POINT('',#1103);
#1103 = CARTESIAN_POINT('',(-6.323660714286,-62.,0.));
#1104 = LINE('',#1105,#1106);
#1105 = CARTESIAN_POINT('',(-3.161830357143,-62.,0.));
#1106 = VECTOR('',#1107,1.);
#1107 = DIRECTION('',(1.,-2.2E-16,0.));
#1108 = ORIENTED_EDGE('',*,*,#1109,.T.);
#1109 = EDGE_CURVE('',#1102,#1110,#1112,.T.);
#1110 = VERTEX_POINT('',#1111);
#1111 = CARTESIAN_POINT('',(-6.323660714286,-59.62857142857,0.));
#1112 = LINE('',#1113,#1114);
#1113 = CARTESIAN_POINT('',(-6.323660714286,-38.06205866352,0.));
#1114 = VECTOR('',#1115,1.);
#1115 = DIRECTION('',(2.2E-16,1.,0.));
#1116 = ORIENTED_EDGE('',*,*,#1117,.T.);
#1117 = EDGE_CURVE('',#1110,#1118,#1120,.T.);
#1118 = VERTEX_POINT('',#1119);
#1119 = CARTESIAN_POINT('',(-3.866071428571,-59.62857142857,0.));
#1120 = LINE('',#1121,#1122);
#1121 = CARTESIAN_POINT('',(-1.933035714286,-59.62857142857,0.));
#1122 = VECTOR('',#1123,1.);
#1123 = DIRECTION('',(1.,-2.2E-16,0.));
#1124 = ORIENTED_EDGE('',*,*,#1125,.T.);
#1125 = EDGE_CURVE('',#1118,#1126,#1128,.T.);
#1126 = VERTEX_POINT('',#1127);
#1127 = CARTESIAN_POINT('',(-3.866071428571,-62.,0.));
#1128 = LINE('',#1129,#1130);
#1129 = CARTESIAN_POINT('',(-3.866071428571,-39.24777294924,0.));
#1130 = VECTOR('',#1131,1.);
#1131 = DIRECTION('',(-2.2E-16,-1.,0.));
#1132 = ORIENTED_EDGE('',*,*,#1133,.T.);
#1133 = EDGE_CURVE('',#1126,#1134,#1136,.T.);
#1134 = VERTEX_POINT('',#1135);
#1135 = CARTESIAN_POINT('',(-3.189732142857,-62.,0.));
#1136 = LINE('',#1137,#1138);
#1137 = CARTESIAN_POINT('',(-1.594866071429,-62.,0.));
#1138 = VECTOR('',#1139,1.);
#1139 = DIRECTION('',(1.,-2.2E-16,0.));
#1140 = ORIENTED_EDGE('',*,*,#1141,.T.);
#1141 = EDGE_CURVE('',#1134,#1142,#1144,.T.);
#1142 = VERTEX_POINT('',#1143);
#1143 = CARTESIAN_POINT('',(-3.189732142857,-57.,0.));
#1144 = LINE('',#1145,#1146);
#1145 = CARTESIAN_POINT('',(-3.189732142857,-36.74777294924,0.));
#1146 = VECTOR('',#1147,1.);
#1147 = DIRECTION('',(2.2E-16,1.,0.));
#1148 = ORIENTED_EDGE('',*,*,#1149,.T.);
#1149 = EDGE_CURVE('',#1142,#1150,#1152,.T.);
#1150 = VERTEX_POINT('',#1151);
#1151 = CARTESIAN_POINT('',(-3.866071428571,-57.,0.));
#1152 = LINE('',#1153,#1154);
#1153 = CARTESIAN_POINT('',(-1.933035714286,-57.,0.));
#1154 = VECTOR('',#1155,1.);
#1155 = DIRECTION('',(-1.,2.2E-16,0.));
#1156 = ORIENTED_EDGE('',*,*,#1157,.T.);
#1157 = EDGE_CURVE('',#1150,#1158,#1160,.T.);
#1158 = VERTEX_POINT('',#1159);
#1159 = CARTESIAN_POINT('',(-3.866071428571,-59.05714285714,0.));
#1160 = LINE('',#1161,#1162);
#1161 = CARTESIAN_POINT('',(-3.866071428571,-37.77634437781,0.));
#1162 = VECTOR('',#1163,1.);
#1163 = DIRECTION('',(-2.2E-16,-1.,0.));
#1164 = ORIENTED_EDGE('',*,*,#1165,.T.);
#1165 = EDGE_CURVE('',#1158,#1076,#1166,.T.);
#1166 = LINE('',#1167,#1168);
#1167 = CARTESIAN_POINT('',(-3.161830357143,-59.05714285714,0.));
#1168 = VECTOR('',#1169,1.);
#1169 = DIRECTION('',(-1.,2.2E-16,0.));
#1170 = FACE_BOUND('',#1171,.T.);
#1171 = EDGE_LOOP('',(#1172));
#1172 = ORIENTED_EDGE('',*,*,#1173,.T.);
#1173 = EDGE_CURVE('',#1174,#1174,#1176,.T.);
#1174 = VERTEX_POINT('',#1175);
#1175 = CARTESIAN_POINT('',(-27.4,-58.,0.));
#1176 = CIRCLE('',#1177,1.6);
#1177 = AXIS2_PLACEMENT_3D('',#1178,#1179,#1180);
#1178 = CARTESIAN_POINT('',(-29.,-58.,0.));
#1179 = DIRECTION('',(0.,0.,1.));
#1180 = DIRECTION('',(1.,0.,0.));
#1181 = FACE_BOUND('',#1182,.T.);
#1182 = EDGE_LOOP('',(#1183,#1193,#1202,#1210));
#1183 = ORIENTED_EDGE('',*,*,#1184,.F.);
#1184 = EDGE_CURVE('',#1185,#1187,#1189,.T.);
#1185 = VERTEX_POINT('',#1186);
#1186 = CARTESIAN_POINT('',(26.,0.,0.));
#1187 = VERTEX_POINT('',#1188);
#1188 = CARTESIAN_POINT('',(26.,-55.,0.));
#1189 = LINE('',#1190,#1191);
#1190 = CARTESIAN_POINT('',(26.,0.,0.));
#1191 = VECTOR('',#1192,1.);
#1192 = DIRECTION('',(0.,-1.,0.));
#1193 = ORIENTED_EDGE('',*,*,#1194,.T.);
#1194 = EDGE_CURVE('',#1185,#1195,#1197,.T.);
#1195 = VERTEX_POINT('',#1196);
#1196 = CARTESIAN_POINT('',(-26.,2.E-15,0.));
#1197 = CIRCLE('',#1198,26.);
#1198 = AXIS2_PLACEMENT_3D('',#1199,#1200,#1201);
#1199 = CARTESIAN_POINT('',(4.7E-15,0.,0.));
#1200 = DIRECTION('',(0.,0.,1.));
#1201 = DIRECTION('',(1.,0.,0.));
#1202 = ORIENTED_EDGE('',*,*,#1203,.F.);
#1203 = EDGE_CURVE('',#1204,#1195,#1206,.T.);
#1204 = VERTEX_POINT('',#1205);
#1205 = CARTESIAN_POINT('',(-26.,-55.,0.));
#1206 = LINE('',#1207,#1208);
#1207 = CARTESIAN_POINT('',(-26.,-55.,0.));
#1208 = VECTOR('',#1209,1.);
#1209 = DIRECTION('',(0.,1.,0.));
#1210 = ORIENTED_EDGE('',*,*,#1211,.F.);
#1211 = EDGE_CURVE('',#1187,#1204,#1212,.T.);
#1212 = LINE('',#1213,#1214);
#1213 = CARTESIAN_POINT('',(26.,-55.,0.));
#1214 = VECTOR('',#1215,1.);
#1215 = DIRECTION('',(-1.,0.,0.));
#1216 = FACE_BOUND('',#1217,.T.);
#1217 = EDGE_LOOP('',(#1218));
#1218 = ORIENTED_EDGE('',*,*,#1219,.T.);
#1219 = EDGE_CURVE('',#1220,#1220,#1222,.T.);
#1220 = VERTEX_POINT('',#1221);
#1221 = CARTESIAN_POINT('',(30.6,0.,0.));
#1222 = CIRCLE('',#1223,1.6);
#1223 = AXIS2_PLACEMENT_3D('',#1224,#1225,#1226);
#1224 = CARTESIAN_POINT('',(29.,0.,0.));
#1225 = DIRECTION('',(0.,0.,1.));
#1226 = DIRECTION('',(1.,0.,0.));
#1227 = FACE_BOUND('',#1228,.T.);
#1228 = EDGE_LOOP('',(#1229));
#1229 = ORIENTED_EDGE('',*,*,#1230,.T.);
#1230 = EDGE_CURVE('',#1231,#1231,#1233,.T.);
#1231 = VERTEX_POINT('',#1232);
#1232 = CARTESIAN_POINT('',(9.105752307973,28.011848962383,0.));
#1233 = CIRCLE('',#1234,1.6);
#1234 = AXIS2_PLACEMENT_3D('',#1235,#1236,#1237);
#1235 = CARTESIAN_POINT('',(7.505752307973,28.011848962383,0.));
#1236 = DIRECTION('',(0.,0.,1.));
#1237 = DIRECTION('',(1.,0.,0.));
#1238 = FACE_BOUND('',#1239,.T.);
#1239 = EDGE_LOOP('',(#1240));
#1240 = ORIENTED_EDGE('',*,*,#1241,.T.);
#1241 = EDGE_CURVE('',#1242,#1242,#1244,.T.);
#1242 = VERTEX_POINT('',#1243);
#1243 = CARTESIAN_POINT('',(-27.4,0.,0.));
#1244 = CIRCLE('',#1245,1.6);
#1245 = AXIS2_PLACEMENT_3D('',#1246,#1247,#1248);
#1246 = CARTESIAN_POINT('',(-29.,0.,0.));
#1247 = DIRECTION('',(0.,0.,1.));
#1248 = DIRECTION('',(1.,0.,0.));
#1249 = FACE_BOUND('',#1250,.T.);
#1250 = EDGE_LOOP('',(#1251,#1262,#1271,#1280,#1289,#1298));
#1251 = ORIENTED_EDGE('',*,*,#1252,.F.);
#1252 = EDGE_CURVE('',#1253,#1255,#1257,.T.);
#1253 = VERTEX_POINT('',#1254);
#1254 = CARTESIAN_POINT('',(36.,0.,0.));
#1255 = VERTEX_POINT('',#1256);
#1256 = CARTESIAN_POINT('',(-36.,6.8653586E-08,0.));
#1257 = CIRCLE('',#1258,36.);
#1258 = AXIS2_PLACEMENT_3D('',#1259,#1260,#1261);
#1259 = CARTESIAN_POINT('',(4.7E-15,0.,0.));
#1260 = DIRECTION('',(0.,0.,1.));
#1261 = DIRECTION('',(1.,0.,0.));
#1262 = ORIENTED_EDGE('',*,*,#1263,.T.);
#1263 = EDGE_CURVE('',#1253,#1264,#1266,.T.);
#1264 = VERTEX_POINT('',#1265);
#1265 = CARTESIAN_POINT('',(43.,7.,0.));
#1266 = CIRCLE('',#1267,7.);
#1267 = AXIS2_PLACEMENT_3D('',#1268,#1269,#1270);
#1268 = CARTESIAN_POINT('',(43.,0.,0.));
#1269 = DIRECTION('',(0.,0.,1.));
#1270 = DIRECTION('',(1.,0.,0.));
#1271 = ORIENTED_EDGE('',*,*,#1272,.F.);
#1272 = EDGE_CURVE('',#1273,#1264,#1275,.T.);
#1273 = VERTEX_POINT('',#1274);
#1274 = CARTESIAN_POINT('',(36.052669039146,12.008540925267,0.));
#1275 = CIRCLE('',#1276,7.322580645161);
#1276 = AXIS2_PLACEMENT_3D('',#1277,#1278,#1279);
#1277 = CARTESIAN_POINT('',(43.,14.322580645161,0.));
#1278 = DIRECTION('',(0.,0.,1.));
#1279 = DIRECTION('',(1.,0.,0.));
#1280 = ORIENTED_EDGE('',*,*,#1281,.T.);
#1281 = EDGE_CURVE('',#1273,#1282,#1284,.T.);
#1282 = VERTEX_POINT('',#1283);
#1283 = CARTESIAN_POINT('',(-36.05266903914,12.008540925267,0.));
#1284 = CIRCLE('',#1285,38.);
#1285 = AXIS2_PLACEMENT_3D('',#1286,#1287,#1288);
#1286 = CARTESIAN_POINT('',(4.7E-15,0.,0.));
#1287 = DIRECTION('',(0.,0.,1.));
#1288 = DIRECTION('',(1.,0.,0.));
#1289 = ORIENTED_EDGE('',*,*,#1290,.F.);
#1290 = EDGE_CURVE('',#1291,#1282,#1293,.T.);
#1291 = VERTEX_POINT('',#1292);
#1292 = CARTESIAN_POINT('',(-43.,7.,0.));
#1293 = CIRCLE('',#1294,7.322580645161);
#1294 = AXIS2_PLACEMENT_3D('',#1295,#1296,#1297);
#1295 = CARTESIAN_POINT('',(-43.,14.322580645161,0.));
#1296 = DIRECTION('',(0.,0.,1.));
#1297 = DIRECTION('',(1.,0.,0.));
#1298 = ORIENTED_EDGE('',*,*,#1299,.T.);
#1299 = EDGE_CURVE('',#1291,#1255,#1300,.T.);
#1300 = CIRCLE('',#1301,7.);
#1301 = AXIS2_PLACEMENT_3D('',#1302,#1303,#1304);
#1302 = CARTESIAN_POINT('',(-43.,0.,0.));
#1303 = DIRECTION('',(0.,0.,1.));
#1304 = DIRECTION('',(1.,0.,0.));
#1305 = FACE_BOUND('',#1306,.T.);
#1306 = EDGE_LOOP('',(#1307));
#1307 = ORIENTED_EDGE('',*,*,#1308,.T.);
#1308 = EDGE_CURVE('',#1309,#1309,#1311,.T.);
#1309 = VERTEX_POINT('',#1310);
#1310 = CARTESIAN_POINT('',(-5.905752307973,28.011848962383,0.));
#1311 = CIRCLE('',#1312,1.6);
#1312 = AXIS2_PLACEMENT_3D('',#1313,#1314,#1315);
#1313 = CARTESIAN_POINT('',(-7.505752307973,28.011848962383,0.));
#1314 = DIRECTION('',(0.,0.,1.));
#1315 = DIRECTION('',(1.,0.,0.));
#1316 = PLANE('',#1317);
#1317 = AXIS2_PLACEMENT_3D('',#1318,#1319,#1320);
#1318 = CARTESIAN_POINT('',(8.03E-15,-16.49554589848,0.));
#1319 = DIRECTION('',(-0.,-0.,-1.));
#1320 = DIRECTION('',(-1.,0.,0.));
#1321 = ADVANCED_FACE('',(#1322,#1349,#1360,#1371),#1382,.T.);
#1322 = FACE_BOUND('',#1323,.T.);
#1323 = EDGE_LOOP('',(#1324,#1334,#1340,#1341,#1342,#1343));
#1324 = ORIENTED_EDGE('',*,*,#1325,.F.);
#1325 = EDGE_CURVE('',#1326,#1328,#1330,.T.);
#1326 = VERTEX_POINT('',#1327);
#1327 = CARTESIAN_POINT('',(36.,-45.,10.));
#1328 = VERTEX_POINT('',#1329);
#1329 = CARTESIAN_POINT('',(36.,-3.440930106817,10.));
#1330 = LINE('',#1331,#1332);
#1331 = CARTESIAN_POINT('',(36.,-65.,10.));
#1332 = VECTOR('',#1333,1.);
#1333 = DIRECTION('',(0.,1.,0.));
#1334 = ORIENTED_EDGE('',*,*,#1335,.T.);
#1335 = EDGE_CURVE('',#1326,#725,#1336,.T.);
#1336 = LINE('',#1337,#1338);
#1337 = CARTESIAN_POINT('',(36.,-45.,0.));
#1338 = VECTOR('',#1339,1.);
#1339 = DIRECTION('',(0.,0.,1.));
#1340 = ORIENTED_EDGE('',*,*,#724,.F.);
#1341 = ORIENTED_EDGE('',*,*,#198,.F.);
#1342 = ORIENTED_EDGE('',*,*,#893,.T.);
#1343 = ORIENTED_EDGE('',*,*,#1344,.T.);
#1344 = EDGE_CURVE('',#894,#1328,#1345,.T.);
#1345 = LINE('',#1346,#1347);
#1346 = CARTESIAN_POINT('',(36.,-3.440930106817,0.));
#1347 = VECTOR('',#1348,1.);
#1348 = DIRECTION('',(0.,0.,1.));
#1349 = FACE_BOUND('',#1350,.T.);
#1350 = EDGE_LOOP('',(#1351));
#1351 = ORIENTED_EDGE('',*,*,#1352,.F.);
#1352 = EDGE_CURVE('',#1353,#1353,#1355,.T.);
#1353 = VERTEX_POINT('',#1354);
#1354 = CARTESIAN_POINT('',(36.,-48.4,7.3));
#1355 = CIRCLE('',#1356,1.6);
#1356 = AXIS2_PLACEMENT_3D('',#1357,#1358,#1359);
#1357 = CARTESIAN_POINT('',(36.,-50.,7.3));
#1358 = DIRECTION('',(1.,0.,0.));
#1359 = DIRECTION('',(0.,1.,0.));
#1360 = FACE_BOUND('',#1361,.T.);
#1361 = EDGE_LOOP('',(#1362));
#1362 = ORIENTED_EDGE('',*,*,#1363,.F.);
#1363 = EDGE_CURVE('',#1364,#1364,#1366,.T.);
#1364 = VERTEX_POINT('',#1365);
#1365 = CARTESIAN_POINT('',(36.,-48.4,25.));
#1366 = CIRCLE('',#1367,1.6);
#1367 = AXIS2_PLACEMENT_3D('',#1368,#1369,#1370);
#1368 = CARTESIAN_POINT('',(36.,-50.,25.));
#1369 = DIRECTION('',(1.,0.,0.));
#1370 = DIRECTION('',(0.,1.,0.));
#1371 = FACE_BOUND('',#1372,.T.);
#1372 = EDGE_LOOP('',(#1373));
#1373 = ORIENTED_EDGE('',*,*,#1374,.F.);
#1374 = EDGE_CURVE('',#1375,#1375,#1377,.T.);
#1375 = VERTEX_POINT('',#1376);
#1376 = CARTESIAN_POINT('',(36.,-56.9,16.15));
#1377 = CIRCLE('',#1378,2.1);
#1378 = AXIS2_PLACEMENT_3D('',#1379,#1380,#1381);
#1379 = CARTESIAN_POINT('',(36.,-59.,16.15));
#1380 = DIRECTION('',(1.,0.,0.));
#1381 = DIRECTION('',(0.,1.,0.));
#1382 = PLANE('',#1383);
#1383 = AXIS2_PLACEMENT_3D('',#1384,#1385,#1386);
#1384 = CARTESIAN_POINT('',(36.,-38.7595096223,10.460955431104));
#1385 = DIRECTION('',(1.,0.,0.));
#1386 = DIRECTION('',(0.,0.,1.));
#1387 = ADVANCED_FACE('',(#1388),#1399,.F.);
#1388 = FACE_BOUND('',#1389,.T.);
#1389 = EDGE_LOOP('',(#1390,#1396,#1397,#1398));
#1390 = ORIENTED_EDGE('',*,*,#1391,.T.);
#1391 = EDGE_CURVE('',#658,#839,#1392,.T.);
#1392 = LINE('',#1393,#1394);
#1393 = CARTESIAN_POINT('',(-17.99999999952,-45.,10.));
#1394 = VECTOR('',#1395,1.);
#1395 = DIRECTION('',(-1.,0.,0.));
#1396 = ORIENTED_EDGE('',*,*,#838,.T.);
#1397 = ORIENTED_EDGE('',*,*,#232,.T.);
#1398 = ORIENTED_EDGE('',*,*,#665,.F.);
#1399 = PLANE('',#1400);
#1400 = AXIS2_PLACEMENT_3D('',#1401,#1402,#1403);
#1401 = CARTESIAN_POINT('',(-36.,-45.,0.));
#1402 = DIRECTION('',(-0.,-1.,-0.));
#1403 = DIRECTION('',(-1.,0.,0.));
#1404 = ADVANCED_FACE('',(#1405),#1452,.F.);
#1405 = FACE_BOUND('',#1406,.T.);
#1406 = EDGE_LOOP('',(#1407,#1408,#1409,#1437,#1445));
#1407 = ORIENTED_EDGE('',*,*,#674,.F.);
#1408 = ORIENTED_EDGE('',*,*,#254,.T.);
#1409 = ORIENTED_EDGE('',*,*,#1410,.F.);
#1410 = EDGE_CURVE('',#1411,#257,#1413,.T.);
#1411 = VERTEX_POINT('',#1412);
#1412 = CARTESIAN_POINT('',(-30.39387691339,15.238511940908,4.));
#1413 = B_SPLINE_CURVE_WITH_KNOTS('',8,(#1414,#1415,#1416,#1417,#1418,
    #1419,#1420,#1421,#1422,#1423,#1424,#1425,#1426,#1427,#1428,#1429,
    #1430,#1431,#1432,#1433,#1434,#1435,#1436),.UNSPECIFIED.,.F.,.F.,(9,
    7,7,9),(0.,0.326442848902,0.623510565223,1.),.UNSPECIFIED.);
#1414 = CARTESIAN_POINT('',(-30.39387691339,15.238511940908,4.));
#1415 = CARTESIAN_POINT('',(-30.39387691339,15.238511940908,
    3.777934651124));
#1416 = CARTESIAN_POINT('',(-30.38122509631,15.263746100446,
    3.556048194636));
#1417 = CARTESIAN_POINT('',(-30.3559595418,15.314141056864,
    3.336366784577));
#1418 = CARTESIAN_POINT('',(-30.31764343586,15.390268856277,
    3.121133276184));
#1419 = CARTESIAN_POINT('',(-30.26551339271,15.493078173803,
    2.913295203934));
#1420 = CARTESIAN_POINT('',(-30.19851511233,15.62370496029,
    2.716806678508));
#1421 = CARTESIAN_POINT('',(-30.11539838542,15.783168832725,
    2.537085403328));
#1422 = CARTESIAN_POINT('',(-29.92371902139,16.143383605034,
    2.240805119791));
#1423 = CARTESIAN_POINT('',(-29.81459914236,16.345743770302,
    2.114574688941));
#1424 = CARTESIAN_POINT('',(-29.68969434455,16.573333465039,
    2.019338802965));
#1425 = CARTESIAN_POINT('',(-29.5529338615,16.817059932714,
    1.965739733446));
#1426 = CARTESIAN_POINT('',(-29.40991173737,17.065525944034,
    1.959035083026));
#1427 = CARTESIAN_POINT('',(-29.26741196705,17.307213236921,
    1.999029884002));
#1428 = CARTESIAN_POINT('',(-29.13223197662,17.531917364835,
    2.07995680551));
#1429 = CARTESIAN_POINT('',(-28.85474369777,17.985889269736,
    2.330247754644));
#1430 = CARTESIAN_POINT('',(-28.72080728101,18.199308928707,
    2.516914414195));
#1431 = CARTESIAN_POINT('',(-28.6100276424,18.37219517112,2.734364962561
    ));
#1432 = CARTESIAN_POINT('',(-28.5225947103,18.506750024655,
    2.971966113214));
#1433 = CARTESIAN_POINT('',(-28.45792851119,18.605370331232,
    3.222050183461));
#1434 = CARTESIAN_POINT('',(-28.41523166288,18.670193586622,
    3.479195179405));
#1435 = CARTESIAN_POINT('',(-28.39387691339,18.702613556046,
    3.739579929442));
#1436 = CARTESIAN_POINT('',(-28.39387691339,18.702613556046,4.));
#1437 = ORIENTED_EDGE('',*,*,#1438,.F.);
#1438 = EDGE_CURVE('',#1439,#1411,#1441,.T.);
#1439 = VERTEX_POINT('',#1440);
#1440 = CARTESIAN_POINT('',(-30.39387691339,15.238511940908,10.));
#1441 = LINE('',#1442,#1443);
#1442 = CARTESIAN_POINT('',(-30.39387691339,15.238511940908,8.E-17));
#1443 = VECTOR('',#1444,1.);
#1444 = DIRECTION('',(-0.,-0.,-1.));
#1445 = ORIENTED_EDGE('',*,*,#1446,.T.);
#1446 = EDGE_CURVE('',#1439,#656,#1447,.T.);
#1447 = CIRCLE('',#1448,34.);
#1448 = AXIS2_PLACEMENT_3D('',#1449,#1450,#1451);
#1449 = CARTESIAN_POINT('',(4.7E-15,0.,10.));
#1450 = DIRECTION('',(0.,0.,1.));
#1451 = DIRECTION('',(1.,0.,0.));
#1452 = CYLINDRICAL_SURFACE('',#1453,34.);
#1453 = AXIS2_PLACEMENT_3D('',#1454,#1455,#1456);
#1454 = CARTESIAN_POINT('',(4.7E-15,0.,0.));
#1455 = DIRECTION('',(-0.,-0.,-1.));
#1456 = DIRECTION('',(1.,0.,0.));
#1457 = ADVANCED_FACE('',(#1458),#1540,.F.);
#1458 = FACE_BOUND('',#1459,.T.);
#1459 = EDGE_LOOP('',(#1460,#1488,#1489,#1517,#1525,#1534));
#1460 = ORIENTED_EDGE('',*,*,#1461,.F.);
#1461 = EDGE_CURVE('',#257,#1462,#1464,.T.);
#1462 = VERTEX_POINT('',#1463);
#1463 = CARTESIAN_POINT('',(-28.39387691339,18.702613556046,4.));
#1464 = B_SPLINE_CURVE_WITH_KNOTS('',8,(#1465,#1466,#1467,#1468,#1469,
    #1470,#1471,#1472,#1473,#1474,#1475,#1476,#1477,#1478,#1479,#1480,
    #1481,#1482,#1483,#1484,#1485,#1486,#1487),.UNSPECIFIED.,.F.,.F.,(9,
    7,7,9),(0.,0.326442848902,0.623510565223,1.),.UNSPECIFIED.);
#1465 = CARTESIAN_POINT('',(-30.39387691339,15.238511940908,4.));
#1466 = CARTESIAN_POINT('',(-30.39387691339,15.238511940908,
    3.777934651124));
#1467 = CARTESIAN_POINT('',(-30.38122509631,15.263746100446,
    3.556048194636));
#1468 = CARTESIAN_POINT('',(-30.3559595418,15.314141056864,
    3.336366784577));
#1469 = CARTESIAN_POINT('',(-30.31764343586,15.390268856277,
    3.121133276184));
#1470 = CARTESIAN_POINT('',(-30.26551339271,15.493078173803,
    2.913295203934));
#1471 = CARTESIAN_POINT('',(-30.19851511233,15.62370496029,
    2.716806678508));
#1472 = CARTESIAN_POINT('',(-30.11539838542,15.783168832725,
    2.537085403328));
#1473 = CARTESIAN_POINT('',(-29.92371902139,16.143383605034,
    2.240805119791));
#1474 = CARTESIAN_POINT('',(-29.81459914236,16.345743770302,
    2.114574688941));
#1475 = CARTESIAN_POINT('',(-29.68969434455,16.573333465039,
    2.019338802965));
#1476 = CARTESIAN_POINT('',(-29.5529338615,16.817059932714,
    1.965739733446));
#1477 = CARTESIAN_POINT('',(-29.40991173737,17.065525944034,
    1.959035083026));
#1478 = CARTESIAN_POINT('',(-29.26741196705,17.307213236921,
    1.999029884002));
#1479 = CARTESIAN_POINT('',(-29.13223197662,17.531917364835,
    2.07995680551));
#1480 = CARTESIAN_POINT('',(-28.85474369777,17.985889269736,
    2.330247754644));
#1481 = CARTESIAN_POINT('',(-28.72080728101,18.199308928707,
    2.516914414195));
#1482 = CARTESIAN_POINT('',(-28.6100276424,18.37219517112,2.734364962561
    ));
#1483 = CARTESIAN_POINT('',(-28.5225947103,18.506750024655,
    2.971966113214));
#1484 = CARTESIAN_POINT('',(-28.45792851119,18.605370331232,
    3.222050183461));
#1485 = CARTESIAN_POINT('',(-28.41523166288,18.670193586622,
    3.479195179405));
#1486 = CARTESIAN_POINT('',(-28.39387691339,18.702613556046,
    3.739579929442));
#1487 = CARTESIAN_POINT('',(-28.39387691339,18.702613556046,4.));
#1488 = ORIENTED_EDGE('',*,*,#298,.T.);
#1489 = ORIENTED_EDGE('',*,*,#1490,.F.);
#1490 = EDGE_CURVE('',#1491,#290,#1493,.T.);
#1491 = VERTEX_POINT('',#1492);
#1492 = CARTESIAN_POINT('',(-2.,33.941125496954,4.));
#1493 = B_SPLINE_CURVE_WITH_KNOTS('',8,(#1494,#1495,#1496,#1497,#1498,
    #1499,#1500,#1501,#1502,#1503,#1504,#1505,#1506,#1507,#1508,#1509,
    #1510,#1511,#1512,#1513,#1514,#1515,#1516),.UNSPECIFIED.,.F.,.F.,(9,
    7,7,9),(0.,0.326442848903,0.623510565223,1.),.UNSPECIFIED.);
#1494 = CARTESIAN_POINT('',(-2.,33.941125496954,4.));
#1495 = CARTESIAN_POINT('',(-2.,33.941125496954,3.777934651124));
#1496 = CARTESIAN_POINT('',(-1.971820668254,33.942785781723,
    3.556048194636));
#1497 = CARTESIAN_POINT('',(-1.915544578517,33.946102647884,
    3.336366784577));
#1498 = CARTESIAN_POINT('',(-1.830457917323,33.950983826473,
    3.121133276184));
#1499 = CARTESIAN_POINT('',(-1.715357415027,33.957242543572,
    2.913295203934));
#1500 = CARTESIAN_POINT('',(-1.568732159322,33.964533723994,
    2.716806678508));
#1501 = CARTESIAN_POINT('',(-1.389074031355,33.972284463231,
    2.537085403328));
#1502 = CARTESIAN_POINT('',(-0.981279205703,33.986392650755,
    2.240805119791));
#1503 = CARTESIAN_POINT('',(-0.75147022235,33.99307214609,2.114574688941
    ));
#1504 = CARTESIAN_POINT('',(-0.491919366168,33.998696265502,
    2.019338802966));
#1505 = CARTESIAN_POINT('',(-0.212465812052,34.002121446778,
    1.965739733445));
#1506 = CARTESIAN_POINT('',(7.422312778563E-02,34.002493659643,
    1.959035083026));
#1507 = CARTESIAN_POINT('',(0.354780348362,33.999928884956,
    1.999029884002));
#1508 = CARTESIAN_POINT('',(0.616969826682,33.995211643119,2.07995680551
    ));
#1509 = CARTESIAN_POINT('',(1.148865168356,33.981885696833,
    2.330247754644));
#1510 = CARTESIAN_POINT('',(1.400660223074,33.972603186909,
    2.516914414195));
#1511 = CARTESIAN_POINT('',(1.605773920271,33.963108326859,
    2.734364962561));
#1512 = CARTESIAN_POINT('',(1.766018307691,33.954666613296,
    2.971966113215));
#1513 = CARTESIAN_POINT('',(1.883759098063,33.947974195395,3.22205018346
    ));
#1514 = CARTESIAN_POINT('',(1.961246108147,33.943409267787,
    3.479195179405));
#1515 = CARTESIAN_POINT('',(2.,33.941125496954,3.739579929443));
#1516 = CARTESIAN_POINT('',(2.,33.941125496954,4.));
#1517 = ORIENTED_EDGE('',*,*,#1518,.F.);
#1518 = EDGE_CURVE('',#1519,#1491,#1521,.T.);
#1519 = VERTEX_POINT('',#1520);
#1520 = CARTESIAN_POINT('',(-2.,33.941125496954,10.));
#1521 = LINE('',#1522,#1523);
#1522 = CARTESIAN_POINT('',(-2.,33.941125496954,0.));
#1523 = VECTOR('',#1524,1.);
#1524 = DIRECTION('',(-0.,-0.,-1.));
#1525 = ORIENTED_EDGE('',*,*,#1526,.T.);
#1526 = EDGE_CURVE('',#1519,#1527,#1529,.T.);
#1527 = VERTEX_POINT('',#1528);
#1528 = CARTESIAN_POINT('',(-28.39387691339,18.702613556046,10.));
#1529 = CIRCLE('',#1530,34.);
#1530 = AXIS2_PLACEMENT_3D('',#1531,#1532,#1533);
#1531 = CARTESIAN_POINT('',(4.7E-15,0.,10.));
#1532 = DIRECTION('',(0.,0.,1.));
#1533 = DIRECTION('',(1.,0.,0.));
#1534 = ORIENTED_EDGE('',*,*,#1535,.T.);
#1535 = EDGE_CURVE('',#1527,#1462,#1536,.T.);
#1536 = LINE('',#1537,#1538);
#1537 = CARTESIAN_POINT('',(-28.39387691339,18.702613556046,-8.E-17));
#1538 = VECTOR('',#1539,1.);
#1539 = DIRECTION('',(-0.,-0.,-1.));
#1540 = CYLINDRICAL_SURFACE('',#1541,34.);
#1541 = AXIS2_PLACEMENT_3D('',#1542,#1543,#1544);
#1542 = CARTESIAN_POINT('',(4.7E-15,0.,0.));
#1543 = DIRECTION('',(-0.,-0.,-1.));
#1544 = DIRECTION('',(1.,0.,0.));
#1545 = ADVANCED_FACE('',(#1546),#1635,.F.);
#1546 = FACE_BOUND('',#1547,.T.);
#1547 = EDGE_LOOP('',(#1548,#1576,#1577,#1612,#1620,#1629));
#1548 = ORIENTED_EDGE('',*,*,#1549,.F.);
#1549 = EDGE_CURVE('',#290,#1550,#1552,.T.);
#1550 = VERTEX_POINT('',#1551);
#1551 = CARTESIAN_POINT('',(2.,33.941125496954,4.));
#1552 = B_SPLINE_CURVE_WITH_KNOTS('',8,(#1553,#1554,#1555,#1556,#1557,
    #1558,#1559,#1560,#1561,#1562,#1563,#1564,#1565,#1566,#1567,#1568,
    #1569,#1570,#1571,#1572,#1573,#1574,#1575),.UNSPECIFIED.,.F.,.F.,(9,
    7,7,9),(0.,0.326442848903,0.623510565223,1.),.UNSPECIFIED.);
#1553 = CARTESIAN_POINT('',(-2.,33.941125496954,4.));
#1554 = CARTESIAN_POINT('',(-2.,33.941125496954,3.777934651124));
#1555 = CARTESIAN_POINT('',(-1.971820668254,33.942785781723,
    3.556048194636));
#1556 = CARTESIAN_POINT('',(-1.915544578517,33.946102647884,
    3.336366784577));
#1557 = CARTESIAN_POINT('',(-1.830457917323,33.950983826473,
    3.121133276184));
#1558 = CARTESIAN_POINT('',(-1.715357415027,33.957242543572,
    2.913295203934));
#1559 = CARTESIAN_POINT('',(-1.568732159322,33.964533723994,
    2.716806678508));
#1560 = CARTESIAN_POINT('',(-1.389074031355,33.972284463231,
    2.537085403328));
#1561 = CARTESIAN_POINT('',(-0.981279205703,33.986392650755,
    2.240805119791));
#1562 = CARTESIAN_POINT('',(-0.75147022235,33.99307214609,2.114574688941
    ));
#1563 = CARTESIAN_POINT('',(-0.491919366168,33.998696265502,
    2.019338802966));
#1564 = CARTESIAN_POINT('',(-0.212465812052,34.002121446778,
    1.965739733445));
#1565 = CARTESIAN_POINT('',(7.422312778563E-02,34.002493659643,
    1.959035083026));
#1566 = CARTESIAN_POINT('',(0.354780348362,33.999928884956,
    1.999029884002));
#1567 = CARTESIAN_POINT('',(0.616969826682,33.995211643119,2.07995680551
    ));
#1568 = CARTESIAN_POINT('',(1.148865168356,33.981885696833,
    2.330247754644));
#1569 = CARTESIAN_POINT('',(1.400660223074,33.972603186909,
    2.516914414195));
#1570 = CARTESIAN_POINT('',(1.605773920271,33.963108326859,
    2.734364962561));
#1571 = CARTESIAN_POINT('',(1.766018307691,33.954666613296,
    2.971966113215));
#1572 = CARTESIAN_POINT('',(1.883759098063,33.947974195395,3.22205018346
    ));
#1573 = CARTESIAN_POINT('',(1.961246108147,33.943409267787,
    3.479195179405));
#1574 = CARTESIAN_POINT('',(2.,33.941125496954,3.739579929443));
#1575 = CARTESIAN_POINT('',(2.,33.941125496954,4.));
#1576 = ORIENTED_EDGE('',*,*,#289,.T.);
#1577 = ORIENTED_EDGE('',*,*,#1578,.F.);
#1578 = EDGE_CURVE('',#1579,#281,#1581,.T.);
#1579 = VERTEX_POINT('',#1580);
#1580 = CARTESIAN_POINT('',(28.393876913398,18.702613556046,4.));
#1581 = B_SPLINE_CURVE_WITH_KNOTS('',8,(#1582,#1583,#1584,#1585,#1586,
    #1587,#1588,#1589,#1590,#1591,#1592,#1593,#1594,#1595,#1596,#1597,
    #1598,#1599,#1600,#1601,#1602,#1603,#1604,#1605,#1606,#1607,#1608,
    #1609,#1610,#1611),.UNSPECIFIED.,.F.,.F.,(9,7,7,7,9),(0.,
    0.33021713938,0.614135056067,0.797875553541,1.),.UNSPECIFIED.);
#1582 = CARTESIAN_POINT('',(28.393876913398,18.702613556046,4.));
#1583 = CARTESIAN_POINT('',(28.393876913398,18.702613556046,3.791329529)
  );
#1584 = CARTESIAN_POINT('',(28.407587686208,18.681797991283,
    3.582753298886));
#1585 = CARTESIAN_POINT('',(28.434987056639,18.640201616125,
    3.376018838381));
#1586 = CARTESIAN_POINT('',(28.476278774804,18.577326392823,
    3.173011412988));
#1587 = CARTESIAN_POINT('',(28.531798555233,18.492295300082,
    2.976103590001));
#1588 = CARTESIAN_POINT('',(28.601921372063,18.383932853935,
    2.788391105445));
#1589 = CARTESIAN_POINT('',(28.686921148108,18.250910652751,
    2.614040440433));
#1590 = CARTESIAN_POINT('',(28.872552204524,17.955548978658,
    2.325648276833));
#1591 = CARTESIAN_POINT('',(28.972213013708,17.795333540618,
    2.202084812367));
#1592 = CARTESIAN_POINT('',(29.083799454163,17.613522091324,
    2.098659069501));
#1593 = CARTESIAN_POINT('',(29.204097454086,17.414180310015,
    2.023165313505));
#1594 = CARTESIAN_POINT('',(29.328999528362,17.203036696746,
    1.980792890874));
#1595 = CARTESIAN_POINT('',(29.454240796118,16.986848259025,
    1.974014384351));
#1596 = CARTESIAN_POINT('',(29.575832353258,16.772758381458,
    2.002470656014));
#1597 = CARTESIAN_POINT('',(29.764548304119,16.434561684197,
    2.101898248838));
#1598 = CARTESIAN_POINT('',(29.836312212091,16.304356932332,
    2.15462082328));
#1599 = CARTESIAN_POINT('',(29.905045673098,16.178113879322,
    2.220629451827));
#1600 = CARTESIAN_POINT('',(29.970166727474,16.057084857409,
    2.299378048682));
#1601 = CARTESIAN_POINT('',(30.031157312886,15.942472948534,
    2.39015148785));
#1602 = CARTESIAN_POINT('',(30.087562267689,15.835412477434,
    2.492074663799));
#1603 = CARTESIAN_POINT('',(30.138990344666,15.736940808831,
    2.604125516454));
#1604 = CARTESIAN_POINT('',(30.23585929982,15.550079358709,
    2.858287695403));
#1605 = CARTESIAN_POINT('',(30.280193206748,15.463671116155,
    3.002304742736));
#1606 = CARTESIAN_POINT('',(30.317682809487,15.389947222393,
    3.155671605826));
#1607 = CARTESIAN_POINT('',(30.347998066982,15.329912026277,
    3.316705493686));
#1608 = CARTESIAN_POINT('',(30.370897311391,15.284346094921,
    3.483593348888));
#1609 = CARTESIAN_POINT('',(30.386218137453,15.253787488755,
    3.654422227114));
#1610 = CARTESIAN_POINT('',(30.393876913398,15.238511940908,
    3.82721908839));
#1611 = CARTESIAN_POINT('',(30.393876913398,15.238511940908,4.));
#1612 = ORIENTED_EDGE('',*,*,#1613,.F.);
#1613 = EDGE_CURVE('',#1614,#1579,#1616,.T.);
#1614 = VERTEX_POINT('',#1615);
#1615 = CARTESIAN_POINT('',(28.393876913398,18.702613556046,10.));
#1616 = LINE('',#1617,#1618);
#1617 = CARTESIAN_POINT('',(28.393876913398,18.702613556046,-3.E-16));
#1618 = VECTOR('',#1619,1.);
#1619 = DIRECTION('',(-0.,-0.,-1.));
#1620 = ORIENTED_EDGE('',*,*,#1621,.T.);
#1621 = EDGE_CURVE('',#1614,#1622,#1624,.T.);
#1622 = VERTEX_POINT('',#1623);
#1623 = CARTESIAN_POINT('',(2.,33.941125496954,10.));
#1624 = CIRCLE('',#1625,34.);
#1625 = AXIS2_PLACEMENT_3D('',#1626,#1627,#1628);
#1626 = CARTESIAN_POINT('',(4.7E-15,0.,10.));
#1627 = DIRECTION('',(0.,0.,1.));
#1628 = DIRECTION('',(1.,0.,0.));
#1629 = ORIENTED_EDGE('',*,*,#1630,.T.);
#1630 = EDGE_CURVE('',#1622,#1550,#1631,.T.);
#1631 = LINE('',#1632,#1633);
#1632 = CARTESIAN_POINT('',(2.,33.941125496954,0.));
#1633 = VECTOR('',#1634,1.);
#1634 = DIRECTION('',(-0.,-0.,-1.));
#1635 = CYLINDRICAL_SURFACE('',#1636,34.);
#1636 = AXIS2_PLACEMENT_3D('',#1637,#1638,#1639);
#1637 = CARTESIAN_POINT('',(4.7E-15,0.,0.));
#1638 = DIRECTION('',(-0.,-0.,-1.));
#1639 = DIRECTION('',(1.,0.,0.));
#1640 = ADVANCED_FACE('',(#1641),#1695,.F.);
#1641 = FACE_BOUND('',#1642,.T.);
#1642 = EDGE_LOOP('',(#1643,#1678,#1679,#1680,#1689));
#1643 = ORIENTED_EDGE('',*,*,#1644,.F.);
#1644 = EDGE_CURVE('',#281,#1645,#1647,.T.);
#1645 = VERTEX_POINT('',#1646);
#1646 = CARTESIAN_POINT('',(30.393876913398,15.238511940908,4.));
#1647 = B_SPLINE_CURVE_WITH_KNOTS('',8,(#1648,#1649,#1650,#1651,#1652,
    #1653,#1654,#1655,#1656,#1657,#1658,#1659,#1660,#1661,#1662,#1663,
    #1664,#1665,#1666,#1667,#1668,#1669,#1670,#1671,#1672,#1673,#1674,
    #1675,#1676,#1677),.UNSPECIFIED.,.F.,.F.,(9,7,7,7,9),(0.,
    0.33021713938,0.614135056067,0.797875553541,1.),.UNSPECIFIED.);
#1648 = CARTESIAN_POINT('',(28.393876913398,18.702613556046,4.));
#1649 = CARTESIAN_POINT('',(28.393876913398,18.702613556046,3.791329529)
  );
#1650 = CARTESIAN_POINT('',(28.407587686208,18.681797991283,
    3.582753298886));
#1651 = CARTESIAN_POINT('',(28.434987056639,18.640201616125,
    3.376018838381));
#1652 = CARTESIAN_POINT('',(28.476278774804,18.577326392823,
    3.173011412988));
#1653 = CARTESIAN_POINT('',(28.531798555233,18.492295300082,
    2.976103590001));
#1654 = CARTESIAN_POINT('',(28.601921372063,18.383932853935,
    2.788391105445));
#1655 = CARTESIAN_POINT('',(28.686921148108,18.250910652751,
    2.614040440433));
#1656 = CARTESIAN_POINT('',(28.872552204524,17.955548978658,
    2.325648276833));
#1657 = CARTESIAN_POINT('',(28.972213013708,17.795333540618,
    2.202084812367));
#1658 = CARTESIAN_POINT('',(29.083799454163,17.613522091324,
    2.098659069501));
#1659 = CARTESIAN_POINT('',(29.204097454086,17.414180310015,
    2.023165313505));
#1660 = CARTESIAN_POINT('',(29.328999528362,17.203036696746,
    1.980792890874));
#1661 = CARTESIAN_POINT('',(29.454240796118,16.986848259025,
    1.974014384351));
#1662 = CARTESIAN_POINT('',(29.575832353258,16.772758381458,
    2.002470656014));
#1663 = CARTESIAN_POINT('',(29.764548304119,16.434561684197,
    2.101898248838));
#1664 = CARTESIAN_POINT('',(29.836312212091,16.304356932332,
    2.15462082328));
#1665 = CARTESIAN_POINT('',(29.905045673098,16.178113879322,
    2.220629451827));
#1666 = CARTESIAN_POINT('',(29.970166727474,16.057084857409,
    2.299378048682));
#1667 = CARTESIAN_POINT('',(30.031157312886,15.942472948534,
    2.39015148785));
#1668 = CARTESIAN_POINT('',(30.087562267689,15.835412477434,
    2.492074663799));
#1669 = CARTESIAN_POINT('',(30.138990344666,15.736940808831,
    2.604125516454));
#1670 = CARTESIAN_POINT('',(30.23585929982,15.550079358709,
    2.858287695403));
#1671 = CARTESIAN_POINT('',(30.280193206748,15.463671116155,
    3.002304742736));
#1672 = CARTESIAN_POINT('',(30.317682809487,15.389947222393,
    3.155671605826));
#1673 = CARTESIAN_POINT('',(30.347998066982,15.329912026277,
    3.316705493686));
#1674 = CARTESIAN_POINT('',(30.370897311391,15.284346094921,
    3.483593348888));
#1675 = CARTESIAN_POINT('',(30.386218137453,15.253787488755,
    3.654422227114));
#1676 = CARTESIAN_POINT('',(30.393876913398,15.238511940908,
    3.82721908839));
#1677 = CARTESIAN_POINT('',(30.393876913398,15.238511940908,4.));
#1678 = ORIENTED_EDGE('',*,*,#280,.T.);
#1679 = ORIENTED_EDGE('',*,*,#754,.T.);
#1680 = ORIENTED_EDGE('',*,*,#1681,.T.);
#1681 = EDGE_CURVE('',#755,#1682,#1684,.T.);
#1682 = VERTEX_POINT('',#1683);
#1683 = CARTESIAN_POINT('',(30.393876913398,15.238511940908,10.));
#1684 = CIRCLE('',#1685,34.);
#1685 = AXIS2_PLACEMENT_3D('',#1686,#1687,#1688);
#1686 = CARTESIAN_POINT('',(4.7E-15,0.,10.));
#1687 = DIRECTION('',(0.,0.,1.));
#1688 = DIRECTION('',(1.,0.,0.));
#1689 = ORIENTED_EDGE('',*,*,#1690,.T.);
#1690 = EDGE_CURVE('',#1682,#1645,#1691,.T.);
#1691 = LINE('',#1692,#1693);
#1692 = CARTESIAN_POINT('',(30.393876913398,15.238511940908,3.E-16));
#1693 = VECTOR('',#1694,1.);
#1694 = DIRECTION('',(-0.,-0.,-1.));
#1695 = CYLINDRICAL_SURFACE('',#1696,34.);
#1696 = AXIS2_PLACEMENT_3D('',#1697,#1698,#1699);
#1697 = CARTESIAN_POINT('',(4.7E-15,0.,0.));
#1698 = DIRECTION('',(-0.,-0.,-1.));
#1699 = DIRECTION('',(1.,0.,0.));
#1700 = ADVANCED_FACE('',(#1701),#1712,.F.);
#1701 = FACE_BOUND('',#1702,.T.);
#1702 = EDGE_LOOP('',(#1703,#1709,#1710,#1711));
#1703 = ORIENTED_EDGE('',*,*,#1704,.T.);
#1704 = EDGE_CURVE('',#1174,#308,#1705,.T.);
#1705 = LINE('',#1706,#1707);
#1706 = CARTESIAN_POINT('',(-27.4,-58.,0.));
#1707 = VECTOR('',#1708,1.);
#1708 = DIRECTION('',(0.,0.,1.));
#1709 = ORIENTED_EDGE('',*,*,#307,.T.);
#1710 = ORIENTED_EDGE('',*,*,#1704,.F.);
#1711 = ORIENTED_EDGE('',*,*,#1173,.F.);
#1712 = CYLINDRICAL_SURFACE('',#1713,1.6);
#1713 = AXIS2_PLACEMENT_3D('',#1714,#1715,#1716);
#1714 = CARTESIAN_POINT('',(-29.,-58.,0.));
#1715 = DIRECTION('',(-0.,-0.,-1.));
#1716 = DIRECTION('',(1.,0.,0.));
#1717 = ADVANCED_FACE('',(#1718),#1734,.T.);
#1718 = FACE_BOUND('',#1719,.T.);
#1719 = EDGE_LOOP('',(#1720,#1721,#1727,#1728));
#1720 = ORIENTED_EDGE('',*,*,#318,.F.);
#1721 = ORIENTED_EDGE('',*,*,#1722,.T.);
#1722 = EDGE_CURVE('',#319,#1094,#1723,.T.);
#1723 = LINE('',#1724,#1725);
#1724 = CARTESIAN_POINT('',(-7.,-62.,5.));
#1725 = VECTOR('',#1726,1.);
#1726 = DIRECTION('',(-0.,-0.,-1.));
#1727 = ORIENTED_EDGE('',*,*,#1093,.F.);
#1728 = ORIENTED_EDGE('',*,*,#1729,.F.);
#1729 = EDGE_CURVE('',#321,#1086,#1730,.T.);
#1730 = LINE('',#1731,#1732);
#1731 = CARTESIAN_POINT('',(-7.,-57.,5.));
#1732 = VECTOR('',#1733,1.);
#1733 = DIRECTION('',(-0.,-0.,-1.));
#1734 = PLANE('',#1735);
#1735 = AXIS2_PLACEMENT_3D('',#1736,#1737,#1738);
#1736 = CARTESIAN_POINT('',(-7.,-62.,5.));
#1737 = DIRECTION('',(1.,-2.2E-16,0.));
#1738 = DIRECTION('',(2.2E-16,1.,0.));
#1739 = ADVANCED_FACE('',(#1740),#1751,.T.);
#1740 = FACE_BOUND('',#1741,.T.);
#1741 = EDGE_LOOP('',(#1742,#1743,#1749,#1750));
#1742 = ORIENTED_EDGE('',*,*,#408,.F.);
#1743 = ORIENTED_EDGE('',*,*,#1744,.T.);
#1744 = EDGE_CURVE('',#401,#1102,#1745,.T.);
#1745 = LINE('',#1746,#1747);
#1746 = CARTESIAN_POINT('',(-6.323660714286,-62.,5.));
#1747 = VECTOR('',#1748,1.);
#1748 = DIRECTION('',(-0.,-0.,-1.));
#1749 = ORIENTED_EDGE('',*,*,#1101,.F.);
#1750 = ORIENTED_EDGE('',*,*,#1722,.F.);
#1751 = PLANE('',#1752);
#1752 = AXIS2_PLACEMENT_3D('',#1753,#1754,#1755);
#1753 = CARTESIAN_POINT('',(-6.323660714286,-62.,5.));
#1754 = DIRECTION('',(2.2E-16,1.,0.));
#1755 = DIRECTION('',(-1.,2.2E-16,0.));
#1756 = ADVANCED_FACE('',(#1757),#1768,.T.);
#1757 = FACE_BOUND('',#1758,.T.);
#1758 = EDGE_LOOP('',(#1759,#1760,#1766,#1767));
#1759 = ORIENTED_EDGE('',*,*,#400,.F.);
#1760 = ORIENTED_EDGE('',*,*,#1761,.T.);
#1761 = EDGE_CURVE('',#393,#1110,#1762,.T.);
#1762 = LINE('',#1763,#1764);
#1763 = CARTESIAN_POINT('',(-6.323660714286,-59.62857142857,5.));
#1764 = VECTOR('',#1765,1.);
#1765 = DIRECTION('',(-0.,-0.,-1.));
#1766 = ORIENTED_EDGE('',*,*,#1109,.F.);
#1767 = ORIENTED_EDGE('',*,*,#1744,.F.);
#1768 = PLANE('',#1769);
#1769 = AXIS2_PLACEMENT_3D('',#1770,#1771,#1772);
#1770 = CARTESIAN_POINT('',(-6.323660714286,-59.62857142857,5.));
#1771 = DIRECTION('',(-1.,2.2E-16,0.));
#1772 = DIRECTION('',(-2.2E-16,-1.,0.));
#1773 = ADVANCED_FACE('',(#1774),#1785,.T.);
#1774 = FACE_BOUND('',#1775,.T.);
#1775 = EDGE_LOOP('',(#1776,#1777,#1783,#1784));
#1776 = ORIENTED_EDGE('',*,*,#392,.F.);
#1777 = ORIENTED_EDGE('',*,*,#1778,.T.);
#1778 = EDGE_CURVE('',#385,#1118,#1779,.T.);
#1779 = LINE('',#1780,#1781);
#1780 = CARTESIAN_POINT('',(-3.866071428571,-59.62857142857,5.));
#1781 = VECTOR('',#1782,1.);
#1782 = DIRECTION('',(-0.,-0.,-1.));
#1783 = ORIENTED_EDGE('',*,*,#1117,.F.);
#1784 = ORIENTED_EDGE('',*,*,#1761,.F.);
#1785 = PLANE('',#1786);
#1786 = AXIS2_PLACEMENT_3D('',#1787,#1788,#1789);
#1787 = CARTESIAN_POINT('',(-3.866071428571,-59.62857142857,5.));
#1788 = DIRECTION('',(2.2E-16,1.,0.));
#1789 = DIRECTION('',(-1.,2.2E-16,0.));
#1790 = ADVANCED_FACE('',(#1791),#1802,.T.);
#1791 = FACE_BOUND('',#1792,.T.);
#1792 = EDGE_LOOP('',(#1793,#1794,#1800,#1801));
#1793 = ORIENTED_EDGE('',*,*,#384,.F.);
#1794 = ORIENTED_EDGE('',*,*,#1795,.T.);
#1795 = EDGE_CURVE('',#377,#1126,#1796,.T.);
#1796 = LINE('',#1797,#1798);
#1797 = CARTESIAN_POINT('',(-3.866071428571,-62.,5.));
#1798 = VECTOR('',#1799,1.);
#1799 = DIRECTION('',(-0.,-0.,-1.));
#1800 = ORIENTED_EDGE('',*,*,#1125,.F.);
#1801 = ORIENTED_EDGE('',*,*,#1778,.F.);
#1802 = PLANE('',#1803);
#1803 = AXIS2_PLACEMENT_3D('',#1804,#1805,#1806);
#1804 = CARTESIAN_POINT('',(-3.866071428571,-62.,5.));
#1805 = DIRECTION('',(1.,-2.2E-16,0.));
#1806 = DIRECTION('',(2.2E-16,1.,0.));
#1807 = ADVANCED_FACE('',(#1808),#1819,.T.);
#1808 = FACE_BOUND('',#1809,.T.);
#1809 = EDGE_LOOP('',(#1810,#1811,#1817,#1818));
#1810 = ORIENTED_EDGE('',*,*,#376,.F.);
#1811 = ORIENTED_EDGE('',*,*,#1812,.T.);
#1812 = EDGE_CURVE('',#369,#1134,#1813,.T.);
#1813 = LINE('',#1814,#1815);
#1814 = CARTESIAN_POINT('',(-3.189732142857,-62.,5.));
#1815 = VECTOR('',#1816,1.);
#1816 = DIRECTION('',(-0.,-0.,-1.));
#1817 = ORIENTED_EDGE('',*,*,#1133,.F.);
#1818 = ORIENTED_EDGE('',*,*,#1795,.F.);
#1819 = PLANE('',#1820);
#1820 = AXIS2_PLACEMENT_3D('',#1821,#1822,#1823);
#1821 = CARTESIAN_POINT('',(-3.189732142857,-62.,5.));
#1822 = DIRECTION('',(2.2E-16,1.,0.));
#1823 = DIRECTION('',(-1.,2.2E-16,0.));
#1824 = ADVANCED_FACE('',(#1825),#1836,.T.);
#1825 = FACE_BOUND('',#1826,.T.);
#1826 = EDGE_LOOP('',(#1827,#1828,#1834,#1835));
#1827 = ORIENTED_EDGE('',*,*,#368,.F.);
#1828 = ORIENTED_EDGE('',*,*,#1829,.T.);
#1829 = EDGE_CURVE('',#361,#1142,#1830,.T.);
#1830 = LINE('',#1831,#1832);
#1831 = CARTESIAN_POINT('',(-3.189732142857,-57.,5.));
#1832 = VECTOR('',#1833,1.);
#1833 = DIRECTION('',(-0.,-0.,-1.));
#1834 = ORIENTED_EDGE('',*,*,#1141,.F.);
#1835 = ORIENTED_EDGE('',*,*,#1812,.F.);
#1836 = PLANE('',#1837);
#1837 = AXIS2_PLACEMENT_3D('',#1838,#1839,#1840);
#1838 = CARTESIAN_POINT('',(-3.189732142857,-57.,5.));
#1839 = DIRECTION('',(-1.,2.2E-16,0.));
#1840 = DIRECTION('',(-2.2E-16,-1.,0.));
#1841 = ADVANCED_FACE('',(#1842),#1853,.T.);
#1842 = FACE_BOUND('',#1843,.T.);
#1843 = EDGE_LOOP('',(#1844,#1845,#1851,#1852));
#1844 = ORIENTED_EDGE('',*,*,#360,.F.);
#1845 = ORIENTED_EDGE('',*,*,#1846,.T.);
#1846 = EDGE_CURVE('',#353,#1150,#1847,.T.);
#1847 = LINE('',#1848,#1849);
#1848 = CARTESIAN_POINT('',(-3.866071428571,-57.,5.));
#1849 = VECTOR('',#1850,1.);
#1850 = DIRECTION('',(-0.,-0.,-1.));
#1851 = ORIENTED_EDGE('',*,*,#1149,.F.);
#1852 = ORIENTED_EDGE('',*,*,#1829,.F.);
#1853 = PLANE('',#1854);
#1854 = AXIS2_PLACEMENT_3D('',#1855,#1856,#1857);
#1855 = CARTESIAN_POINT('',(-3.866071428571,-57.,5.));
#1856 = DIRECTION('',(-2.2E-16,-1.,0.));
#1857 = DIRECTION('',(1.,-2.2E-16,0.));
#1858 = ADVANCED_FACE('',(#1859),#1870,.T.);
#1859 = FACE_BOUND('',#1860,.T.);
#1860 = EDGE_LOOP('',(#1861,#1862,#1868,#1869));
#1861 = ORIENTED_EDGE('',*,*,#352,.F.);
#1862 = ORIENTED_EDGE('',*,*,#1863,.T.);
#1863 = EDGE_CURVE('',#345,#1158,#1864,.T.);
#1864 = LINE('',#1865,#1866);
#1865 = CARTESIAN_POINT('',(-3.866071428571,-59.05714285714,5.));
#1866 = VECTOR('',#1867,1.);
#1867 = DIRECTION('',(-0.,-0.,-1.));
#1868 = ORIENTED_EDGE('',*,*,#1157,.F.);
#1869 = ORIENTED_EDGE('',*,*,#1846,.F.);
#1870 = PLANE('',#1871);
#1871 = AXIS2_PLACEMENT_3D('',#1872,#1873,#1874);
#1872 = CARTESIAN_POINT('',(-3.866071428571,-59.05714285714,5.));
#1873 = DIRECTION('',(1.,-2.2E-16,0.));
#1874 = DIRECTION('',(2.2E-16,1.,0.));
#1875 = ADVANCED_FACE('',(#1876),#1887,.T.);
#1876 = FACE_BOUND('',#1877,.T.);
#1877 = EDGE_LOOP('',(#1878,#1879,#1885,#1886));
#1878 = ORIENTED_EDGE('',*,*,#344,.F.);
#1879 = ORIENTED_EDGE('',*,*,#1880,.T.);
#1880 = EDGE_CURVE('',#337,#1076,#1881,.T.);
#1881 = LINE('',#1882,#1883);
#1882 = CARTESIAN_POINT('',(-6.323660714286,-59.05714285714,5.));
#1883 = VECTOR('',#1884,1.);
#1884 = DIRECTION('',(-0.,-0.,-1.));
#1885 = ORIENTED_EDGE('',*,*,#1165,.F.);
#1886 = ORIENTED_EDGE('',*,*,#1863,.F.);
#1887 = PLANE('',#1888);
#1888 = AXIS2_PLACEMENT_3D('',#1889,#1890,#1891);
#1889 = CARTESIAN_POINT('',(-6.323660714286,-59.05714285714,5.));
#1890 = DIRECTION('',(-2.2E-16,-1.,0.));
#1891 = DIRECTION('',(1.,-2.2E-16,0.));
#1892 = ADVANCED_FACE('',(#1893),#1904,.T.);
#1893 = FACE_BOUND('',#1894,.T.);
#1894 = EDGE_LOOP('',(#1895,#1896,#1902,#1903));
#1895 = ORIENTED_EDGE('',*,*,#336,.F.);
#1896 = ORIENTED_EDGE('',*,*,#1897,.T.);
#1897 = EDGE_CURVE('',#329,#1078,#1898,.T.);
#1898 = LINE('',#1899,#1900);
#1899 = CARTESIAN_POINT('',(-6.323660714286,-57.,5.));
#1900 = VECTOR('',#1901,1.);
#1901 = DIRECTION('',(-0.,-0.,-1.));
#1902 = ORIENTED_EDGE('',*,*,#1075,.F.);
#1903 = ORIENTED_EDGE('',*,*,#1880,.F.);
#1904 = PLANE('',#1905);
#1905 = AXIS2_PLACEMENT_3D('',#1906,#1907,#1908);
#1906 = CARTESIAN_POINT('',(-6.323660714286,-57.,5.));
#1907 = DIRECTION('',(-1.,2.2E-16,0.));
#1908 = DIRECTION('',(-2.2E-16,-1.,0.));
#1909 = ADVANCED_FACE('',(#1910),#1916,.T.);
#1910 = FACE_BOUND('',#1911,.T.);
#1911 = EDGE_LOOP('',(#1912,#1913,#1914,#1915));
#1912 = ORIENTED_EDGE('',*,*,#328,.F.);
#1913 = ORIENTED_EDGE('',*,*,#1729,.T.);
#1914 = ORIENTED_EDGE('',*,*,#1085,.F.);
#1915 = ORIENTED_EDGE('',*,*,#1897,.F.);
#1916 = PLANE('',#1917);
#1917 = AXIS2_PLACEMENT_3D('',#1918,#1919,#1920);
#1918 = CARTESIAN_POINT('',(-7.,-57.,5.));
#1919 = DIRECTION('',(-2.2E-16,-1.,0.));
#1920 = DIRECTION('',(1.,-2.2E-16,0.));
#1921 = ADVANCED_FACE('',(#1922),#1938,.T.);
#1922 = FACE_BOUND('',#1923,.T.);
#1923 = EDGE_LOOP('',(#1924,#1925,#1931,#1932));
#1924 = ORIENTED_EDGE('',*,*,#416,.F.);
#1925 = ORIENTED_EDGE('',*,*,#1926,.T.);
#1926 = EDGE_CURVE('',#417,#1028,#1927,.T.);
#1927 = LINE('',#1928,#1929);
#1928 = CARTESIAN_POINT('',(-2.5359375,-57.57142857142,5.));
#1929 = VECTOR('',#1930,1.);
#1930 = DIRECTION('',(-0.,-0.,-1.));
#1931 = ORIENTED_EDGE('',*,*,#1027,.F.);
#1932 = ORIENTED_EDGE('',*,*,#1933,.F.);
#1933 = EDGE_CURVE('',#419,#1020,#1934,.T.);
#1934 = LINE('',#1935,#1936);
#1935 = CARTESIAN_POINT('',(-2.5359375,-57.,5.));
#1936 = VECTOR('',#1937,1.);
#1937 = DIRECTION('',(-0.,-0.,-1.));
#1938 = PLANE('',#1939);
#1939 = AXIS2_PLACEMENT_3D('',#1940,#1941,#1942);
#1940 = CARTESIAN_POINT('',(-2.5359375,-57.57142857142,5.));
#1941 = DIRECTION('',(1.,-2.2E-16,0.));
#1942 = DIRECTION('',(2.2E-16,1.,0.));
#1943 = ADVANCED_FACE('',(#1944),#1955,.T.);
#1944 = FACE_BOUND('',#1945,.T.);
#1945 = EDGE_LOOP('',(#1946,#1947,#1953,#1954));
#1946 = ORIENTED_EDGE('',*,*,#474,.F.);
#1947 = ORIENTED_EDGE('',*,*,#1948,.T.);
#1948 = EDGE_CURVE('',#467,#1036,#1949,.T.);
#1949 = LINE('',#1950,#1951);
#1950 = CARTESIAN_POINT('',(-0.761383928571,-57.57142857142,5.));
#1951 = VECTOR('',#1952,1.);
#1952 = DIRECTION('',(-0.,-0.,-1.));
#1953 = ORIENTED_EDGE('',*,*,#1035,.F.);
#1954 = ORIENTED_EDGE('',*,*,#1926,.F.);
#1955 = PLANE('',#1956);
#1956 = AXIS2_PLACEMENT_3D('',#1957,#1958,#1959);
#1957 = CARTESIAN_POINT('',(-0.761383928571,-57.57142857142,5.));
#1958 = DIRECTION('',(2.2E-16,1.,0.));
#1959 = DIRECTION('',(-1.,2.2E-16,0.));
#1960 = ADVANCED_FACE('',(#1961),#1972,.T.);
#1961 = FACE_BOUND('',#1962,.T.);
#1962 = EDGE_LOOP('',(#1963,#1964,#1970,#1971));
#1963 = ORIENTED_EDGE('',*,*,#466,.F.);
#1964 = ORIENTED_EDGE('',*,*,#1965,.T.);
#1965 = EDGE_CURVE('',#459,#1044,#1966,.T.);
#1966 = LINE('',#1967,#1968);
#1967 = CARTESIAN_POINT('',(-0.761383928571,-62.,5.));
#1968 = VECTOR('',#1969,1.);
#1969 = DIRECTION('',(-0.,-0.,-1.));
#1970 = ORIENTED_EDGE('',*,*,#1043,.F.);
#1971 = ORIENTED_EDGE('',*,*,#1948,.F.);
#1972 = PLANE('',#1973);
#1973 = AXIS2_PLACEMENT_3D('',#1974,#1975,#1976);
#1974 = CARTESIAN_POINT('',(-0.761383928571,-62.,5.));
#1975 = DIRECTION('',(1.,-2.2E-16,0.));
#1976 = DIRECTION('',(2.2E-16,1.,0.));
#1977 = ADVANCED_FACE('',(#1978),#1989,.T.);
#1978 = FACE_BOUND('',#1979,.T.);
#1979 = EDGE_LOOP('',(#1980,#1981,#1987,#1988));
#1980 = ORIENTED_EDGE('',*,*,#458,.F.);
#1981 = ORIENTED_EDGE('',*,*,#1982,.T.);
#1982 = EDGE_CURVE('',#451,#1052,#1983,.T.);
#1983 = LINE('',#1984,#1985);
#1984 = CARTESIAN_POINT('',(-8.169642857143E-02,-62.,5.));
#1985 = VECTOR('',#1986,1.);
#1986 = DIRECTION('',(-0.,-0.,-1.));
#1987 = ORIENTED_EDGE('',*,*,#1051,.F.);
#1988 = ORIENTED_EDGE('',*,*,#1965,.F.);
#1989 = PLANE('',#1990);
#1990 = AXIS2_PLACEMENT_3D('',#1991,#1992,#1993);
#1991 = CARTESIAN_POINT('',(-8.169642857143E-02,-62.,5.));
#1992 = DIRECTION('',(2.2E-16,1.,0.));
#1993 = DIRECTION('',(-1.,2.2E-16,0.));
#1994 = ADVANCED_FACE('',(#1995),#2006,.T.);
#1995 = FACE_BOUND('',#1996,.T.);
#1996 = EDGE_LOOP('',(#1997,#1998,#2004,#2005));
#1997 = ORIENTED_EDGE('',*,*,#450,.F.);
#1998 = ORIENTED_EDGE('',*,*,#1999,.T.);
#1999 = EDGE_CURVE('',#443,#1060,#2000,.T.);
#2000 = LINE('',#2001,#2002);
#2001 = CARTESIAN_POINT('',(-8.169642857143E-02,-57.57142857142,5.));
#2002 = VECTOR('',#2003,1.);
#2003 = DIRECTION('',(-0.,-0.,-1.));
#2004 = ORIENTED_EDGE('',*,*,#1059,.F.);
#2005 = ORIENTED_EDGE('',*,*,#1982,.F.);
#2006 = PLANE('',#2007);
#2007 = AXIS2_PLACEMENT_3D('',#2008,#2009,#2010);
#2008 = CARTESIAN_POINT('',(-8.169642857143E-02,-57.57142857142,5.));
#2009 = DIRECTION('',(-1.,2.2E-16,0.));
#2010 = DIRECTION('',(-2.2E-16,-1.,0.));
#2011 = ADVANCED_FACE('',(#2012),#2023,.T.);
#2012 = FACE_BOUND('',#2013,.T.);
#2013 = EDGE_LOOP('',(#2014,#2015,#2021,#2022));
#2014 = ORIENTED_EDGE('',*,*,#442,.F.);
#2015 = ORIENTED_EDGE('',*,*,#2016,.T.);
#2016 = EDGE_CURVE('',#435,#1010,#2017,.T.);
#2017 = LINE('',#2018,#2019);
#2018 = CARTESIAN_POINT('',(1.692857142857,-57.57142857142,5.));
#2019 = VECTOR('',#2020,1.);
#2020 = DIRECTION('',(-0.,-0.,-1.));
#2021 = ORIENTED_EDGE('',*,*,#1067,.F.);
#2022 = ORIENTED_EDGE('',*,*,#1999,.F.);
#2023 = PLANE('',#2024);
#2024 = AXIS2_PLACEMENT_3D('',#2025,#2026,#2027);
#2025 = CARTESIAN_POINT('',(1.692857142857,-57.57142857142,5.));
#2026 = DIRECTION('',(2.2E-16,1.,0.));
#2027 = DIRECTION('',(-1.,2.2E-16,0.));
#2028 = ADVANCED_FACE('',(#2029),#2040,.T.);
#2029 = FACE_BOUND('',#2030,.T.);
#2030 = EDGE_LOOP('',(#2031,#2032,#2038,#2039));
#2031 = ORIENTED_EDGE('',*,*,#434,.F.);
#2032 = ORIENTED_EDGE('',*,*,#2033,.T.);
#2033 = EDGE_CURVE('',#427,#1012,#2034,.T.);
#2034 = LINE('',#2035,#2036);
#2035 = CARTESIAN_POINT('',(1.692857142857,-57.,5.));
#2036 = VECTOR('',#2037,1.);
#2037 = DIRECTION('',(-0.,-0.,-1.));
#2038 = ORIENTED_EDGE('',*,*,#1009,.F.);
#2039 = ORIENTED_EDGE('',*,*,#2016,.F.);
#2040 = PLANE('',#2041);
#2041 = AXIS2_PLACEMENT_3D('',#2042,#2043,#2044);
#2042 = CARTESIAN_POINT('',(1.692857142857,-57.,5.));
#2043 = DIRECTION('',(-1.,2.2E-16,0.));
#2044 = DIRECTION('',(-2.2E-16,-1.,0.));
#2045 = ADVANCED_FACE('',(#2046),#2052,.T.);
#2046 = FACE_BOUND('',#2047,.T.);
#2047 = EDGE_LOOP('',(#2048,#2049,#2050,#2051));
#2048 = ORIENTED_EDGE('',*,*,#426,.F.);
#2049 = ORIENTED_EDGE('',*,*,#1933,.T.);
#2050 = ORIENTED_EDGE('',*,*,#1019,.F.);
#2051 = ORIENTED_EDGE('',*,*,#2033,.F.);
#2052 = PLANE('',#2053);
#2053 = AXIS2_PLACEMENT_3D('',#2054,#2055,#2056);
#2054 = CARTESIAN_POINT('',(-2.5359375,-57.,5.));
#2055 = DIRECTION('',(-2.2E-16,-1.,0.));
#2056 = DIRECTION('',(1.,-2.2E-16,0.));
#2057 = ADVANCED_FACE('',(#2058),#2074,.T.);
#2058 = FACE_BOUND('',#2059,.T.);
#2059 = EDGE_LOOP('',(#2060,#2061,#2067,#2068));
#2060 = ORIENTED_EDGE('',*,*,#482,.F.);
#2061 = ORIENTED_EDGE('',*,*,#2062,.T.);
#2062 = EDGE_CURVE('',#483,#978,#2063,.T.);
#2063 = LINE('',#2064,#2065);
#2064 = CARTESIAN_POINT('',(2.342857142857,-62.,5.));
#2065 = VECTOR('',#2066,1.);
#2066 = DIRECTION('',(-0.,-0.,-1.));
#2067 = ORIENTED_EDGE('',*,*,#977,.F.);
#2068 = ORIENTED_EDGE('',*,*,#2069,.F.);
#2069 = EDGE_CURVE('',#485,#970,#2070,.T.);
#2070 = LINE('',#2071,#2072);
#2071 = CARTESIAN_POINT('',(2.342857142857,-57.,5.));
#2072 = VECTOR('',#2073,1.);
#2073 = DIRECTION('',(-0.,-0.,-1.));
#2074 = PLANE('',#2075);
#2075 = AXIS2_PLACEMENT_3D('',#2076,#2077,#2078);
#2076 = CARTESIAN_POINT('',(2.342857142857,-62.,5.));
#2077 = DIRECTION('',(1.,-2.2E-16,0.));
#2078 = DIRECTION('',(2.2E-16,1.,0.));
#2079 = ADVANCED_FACE('',(#2080),#2091,.T.);
#2080 = FACE_BOUND('',#2081,.T.);
#2081 = EDGE_LOOP('',(#2082,#2083,#2089,#2090));
#2082 = ORIENTED_EDGE('',*,*,#524,.F.);
#2083 = ORIENTED_EDGE('',*,*,#2084,.T.);
#2084 = EDGE_CURVE('',#517,#986,#2085,.T.);
#2085 = LINE('',#2086,#2087);
#2086 = CARTESIAN_POINT('',(5.453348214286,-62.,5.));
#2087 = VECTOR('',#2088,1.);
#2088 = DIRECTION('',(-0.,-0.,-1.));
#2089 = ORIENTED_EDGE('',*,*,#985,.F.);
#2090 = ORIENTED_EDGE('',*,*,#2062,.F.);
#2091 = PLANE('',#2092);
#2092 = AXIS2_PLACEMENT_3D('',#2093,#2094,#2095);
#2093 = CARTESIAN_POINT('',(5.453348214286,-62.,5.));
#2094 = DIRECTION('',(2.2E-16,1.,0.));
#2095 = DIRECTION('',(-1.,2.2E-16,0.));
#2096 = ADVANCED_FACE('',(#2097),#2108,.T.);
#2097 = FACE_BOUND('',#2098,.T.);
#2098 = EDGE_LOOP('',(#2099,#2100,#2106,#2107));
#2099 = ORIENTED_EDGE('',*,*,#516,.F.);
#2100 = ORIENTED_EDGE('',*,*,#2101,.T.);
#2101 = EDGE_CURVE('',#509,#994,#2102,.T.);
#2102 = LINE('',#2103,#2104);
#2103 = CARTESIAN_POINT('',(5.453348214286,-61.42857142857,5.));
#2104 = VECTOR('',#2105,1.);
#2105 = DIRECTION('',(-0.,-0.,-1.));
#2106 = ORIENTED_EDGE('',*,*,#993,.F.);
#2107 = ORIENTED_EDGE('',*,*,#2084,.F.);
#2108 = PLANE('',#2109);
#2109 = AXIS2_PLACEMENT_3D('',#2110,#2111,#2112);
#2110 = CARTESIAN_POINT('',(5.453348214286,-61.42857142857,5.));
#2111 = DIRECTION('',(-1.,2.2E-16,0.));
#2112 = DIRECTION('',(-2.2E-16,-1.,0.));
#2113 = ADVANCED_FACE('',(#2114),#2125,.T.);
#2114 = FACE_BOUND('',#2115,.T.);
#2115 = EDGE_LOOP('',(#2116,#2117,#2123,#2124));
#2116 = ORIENTED_EDGE('',*,*,#508,.F.);
#2117 = ORIENTED_EDGE('',*,*,#2118,.T.);
#2118 = EDGE_CURVE('',#501,#960,#2119,.T.);
#2119 = LINE('',#2120,#2121);
#2120 = CARTESIAN_POINT('',(3.019196428571,-61.42857142857,5.));
#2121 = VECTOR('',#2122,1.);
#2122 = DIRECTION('',(-0.,-0.,-1.));
#2123 = ORIENTED_EDGE('',*,*,#1001,.F.);
#2124 = ORIENTED_EDGE('',*,*,#2101,.F.);
#2125 = PLANE('',#2126);
#2126 = AXIS2_PLACEMENT_3D('',#2127,#2128,#2129);
#2127 = CARTESIAN_POINT('',(3.019196428571,-61.42857142857,5.));
#2128 = DIRECTION('',(-2.2E-16,-1.,0.));
#2129 = DIRECTION('',(1.,-2.2E-16,0.));
#2130 = ADVANCED_FACE('',(#2131),#2142,.T.);
#2131 = FACE_BOUND('',#2132,.T.);
#2132 = EDGE_LOOP('',(#2133,#2134,#2140,#2141));
#2133 = ORIENTED_EDGE('',*,*,#500,.F.);
#2134 = ORIENTED_EDGE('',*,*,#2135,.T.);
#2135 = EDGE_CURVE('',#493,#962,#2136,.T.);
#2136 = LINE('',#2137,#2138);
#2137 = CARTESIAN_POINT('',(3.019196428571,-57.,5.));
#2138 = VECTOR('',#2139,1.);
#2139 = DIRECTION('',(-0.,-0.,-1.));
#2140 = ORIENTED_EDGE('',*,*,#959,.F.);
#2141 = ORIENTED_EDGE('',*,*,#2118,.F.);
#2142 = PLANE('',#2143);
#2143 = AXIS2_PLACEMENT_3D('',#2144,#2145,#2146);
#2144 = CARTESIAN_POINT('',(3.019196428571,-57.,5.));
#2145 = DIRECTION('',(-1.,2.2E-16,0.));
#2146 = DIRECTION('',(-2.2E-16,-1.,0.));
#2147 = ADVANCED_FACE('',(#2148),#2154,.T.);
#2148 = FACE_BOUND('',#2149,.T.);
#2149 = EDGE_LOOP('',(#2150,#2151,#2152,#2153));
#2150 = ORIENTED_EDGE('',*,*,#492,.F.);
#2151 = ORIENTED_EDGE('',*,*,#2069,.T.);
#2152 = ORIENTED_EDGE('',*,*,#969,.F.);
#2153 = ORIENTED_EDGE('',*,*,#2135,.F.);
#2154 = PLANE('',#2155);
#2155 = AXIS2_PLACEMENT_3D('',#2156,#2157,#2158);
#2156 = CARTESIAN_POINT('',(2.342857142857,-57.,5.));
#2157 = DIRECTION('',(-2.2E-16,-1.,0.));
#2158 = DIRECTION('',(1.,-2.2E-16,0.));
#2159 = ADVANCED_FACE('',(#2160),#2171,.F.);
#2160 = FACE_BOUND('',#2161,.T.);
#2161 = EDGE_LOOP('',(#2162,#2168,#2169,#2170));
#2162 = ORIENTED_EDGE('',*,*,#2163,.T.);
#2163 = EDGE_CURVE('',#949,#533,#2164,.T.);
#2164 = LINE('',#2165,#2166);
#2165 = CARTESIAN_POINT('',(30.6,-58.,0.));
#2166 = VECTOR('',#2167,1.);
#2167 = DIRECTION('',(0.,0.,1.));
#2168 = ORIENTED_EDGE('',*,*,#532,.T.);
#2169 = ORIENTED_EDGE('',*,*,#2163,.F.);
#2170 = ORIENTED_EDGE('',*,*,#948,.F.);
#2171 = CYLINDRICAL_SURFACE('',#2172,1.6);
#2172 = AXIS2_PLACEMENT_3D('',#2173,#2174,#2175);
#2173 = CARTESIAN_POINT('',(29.,-58.,0.));
#2174 = DIRECTION('',(-0.,-0.,-1.));
#2175 = DIRECTION('',(1.,0.,0.));
#2176 = ADVANCED_FACE('',(#2177),#2188,.F.);
#2177 = FACE_BOUND('',#2178,.T.);
#2178 = EDGE_LOOP('',(#2179,#2185,#2186,#2187));
#2179 = ORIENTED_EDGE('',*,*,#2180,.T.);
#2180 = EDGE_CURVE('',#1242,#544,#2181,.T.);
#2181 = LINE('',#2182,#2183);
#2182 = CARTESIAN_POINT('',(-27.4,0.,0.));
#2183 = VECTOR('',#2184,1.);
#2184 = DIRECTION('',(0.,0.,1.));
#2185 = ORIENTED_EDGE('',*,*,#543,.T.);
#2186 = ORIENTED_EDGE('',*,*,#2180,.F.);
#2187 = ORIENTED_EDGE('',*,*,#1241,.F.);
#2188 = CYLINDRICAL_SURFACE('',#2189,1.6);
#2189 = AXIS2_PLACEMENT_3D('',#2190,#2191,#2192);
#2190 = CARTESIAN_POINT('',(-29.,0.,0.));
#2191 = DIRECTION('',(-0.,-0.,-1.));
#2192 = DIRECTION('',(1.,0.,0.));
#2193 = ADVANCED_FACE('',(#2194),#2205,.F.);
#2194 = FACE_BOUND('',#2195,.T.);
#2195 = EDGE_LOOP('',(#2196,#2202,#2203,#2204));
#2196 = ORIENTED_EDGE('',*,*,#2197,.T.);
#2197 = EDGE_CURVE('',#1309,#555,#2198,.T.);
#2198 = LINE('',#2199,#2200);
#2199 = CARTESIAN_POINT('',(-5.905752307973,28.011848962383,0.));
#2200 = VECTOR('',#2201,1.);
#2201 = DIRECTION('',(0.,0.,1.));
#2202 = ORIENTED_EDGE('',*,*,#554,.T.);
#2203 = ORIENTED_EDGE('',*,*,#2197,.F.);
#2204 = ORIENTED_EDGE('',*,*,#1308,.F.);
#2205 = CYLINDRICAL_SURFACE('',#2206,1.6);
#2206 = AXIS2_PLACEMENT_3D('',#2207,#2208,#2209);
#2207 = CARTESIAN_POINT('',(-7.505752307973,28.011848962383,0.));
#2208 = DIRECTION('',(-0.,-0.,-1.));
#2209 = DIRECTION('',(1.,0.,0.));
#2210 = ADVANCED_FACE('',(#2211),#2230,.F.);
#2211 = FACE_BOUND('',#2212,.T.);
#2212 = EDGE_LOOP('',(#2213,#2219,#2220,#2221,#2222,#2223,#2229));
#2213 = ORIENTED_EDGE('',*,*,#2214,.T.);
#2214 = EDGE_CURVE('',#1185,#595,#2215,.T.);
#2215 = LINE('',#2216,#2217);
#2216 = CARTESIAN_POINT('',(26.,0.,0.));
#2217 = VECTOR('',#2218,1.);
#2218 = DIRECTION('',(0.,0.,1.));
#2219 = ORIENTED_EDGE('',*,*,#594,.T.);
#2220 = ORIENTED_EDGE('',*,*,#585,.T.);
#2221 = ORIENTED_EDGE('',*,*,#576,.T.);
#2222 = ORIENTED_EDGE('',*,*,#565,.T.);
#2223 = ORIENTED_EDGE('',*,*,#2224,.F.);
#2224 = EDGE_CURVE('',#1195,#568,#2225,.T.);
#2225 = LINE('',#2226,#2227);
#2226 = CARTESIAN_POINT('',(-26.,1.59E-15,0.));
#2227 = VECTOR('',#2228,1.);
#2228 = DIRECTION('',(0.,0.,1.));
#2229 = ORIENTED_EDGE('',*,*,#1194,.F.);
#2230 = CYLINDRICAL_SURFACE('',#2231,26.);
#2231 = AXIS2_PLACEMENT_3D('',#2232,#2233,#2234);
#2232 = CARTESIAN_POINT('',(4.7E-15,0.,0.));
#2233 = DIRECTION('',(-0.,-0.,-1.));
#2234 = DIRECTION('',(1.,0.,0.));
#2235 = ADVANCED_FACE('',(#2236),#2247,.F.);
#2236 = FACE_BOUND('',#2237,.F.);
#2237 = EDGE_LOOP('',(#2238,#2244,#2245,#2246));
#2238 = ORIENTED_EDGE('',*,*,#2239,.T.);
#2239 = EDGE_CURVE('',#1204,#612,#2240,.T.);
#2240 = LINE('',#2241,#2242);
#2241 = CARTESIAN_POINT('',(-26.,-55.,0.));
#2242 = VECTOR('',#2243,1.);
#2243 = DIRECTION('',(0.,0.,1.));
#2244 = ORIENTED_EDGE('',*,*,#619,.T.);
#2245 = ORIENTED_EDGE('',*,*,#2224,.F.);
#2246 = ORIENTED_EDGE('',*,*,#1203,.F.);
#2247 = PLANE('',#2248);
#2248 = AXIS2_PLACEMENT_3D('',#2249,#2250,#2251);
#2249 = CARTESIAN_POINT('',(-26.,-55.,0.));
#2250 = DIRECTION('',(-1.,0.,0.));
#2251 = DIRECTION('',(0.,1.,0.));
#2252 = ADVANCED_FACE('',(#2253),#2264,.F.);
#2253 = FACE_BOUND('',#2254,.F.);
#2254 = EDGE_LOOP('',(#2255,#2261,#2262,#2263));
#2255 = ORIENTED_EDGE('',*,*,#2256,.T.);
#2256 = EDGE_CURVE('',#1187,#604,#2257,.T.);
#2257 = LINE('',#2258,#2259);
#2258 = CARTESIAN_POINT('',(26.,-55.,0.));
#2259 = VECTOR('',#2260,1.);
#2260 = DIRECTION('',(0.,0.,1.));
#2261 = ORIENTED_EDGE('',*,*,#611,.T.);
#2262 = ORIENTED_EDGE('',*,*,#2239,.F.);
#2263 = ORIENTED_EDGE('',*,*,#1211,.F.);
#2264 = PLANE('',#2265);
#2265 = AXIS2_PLACEMENT_3D('',#2266,#2267,#2268);
#2266 = CARTESIAN_POINT('',(26.,-55.,0.));
#2267 = DIRECTION('',(0.,-1.,0.));
#2268 = DIRECTION('',(-1.,0.,0.));
#2269 = ADVANCED_FACE('',(#2270),#2276,.F.);
#2270 = FACE_BOUND('',#2271,.F.);
#2271 = EDGE_LOOP('',(#2272,#2273,#2274,#2275));
#2272 = ORIENTED_EDGE('',*,*,#2214,.T.);
#2273 = ORIENTED_EDGE('',*,*,#603,.T.);
#2274 = ORIENTED_EDGE('',*,*,#2256,.F.);
#2275 = ORIENTED_EDGE('',*,*,#1184,.F.);
#2276 = PLANE('',#2277);
#2277 = AXIS2_PLACEMENT_3D('',#2278,#2279,#2280);
#2278 = CARTESIAN_POINT('',(26.,0.,0.));
#2279 = DIRECTION('',(1.,0.,0.));
#2280 = DIRECTION('',(0.,-1.,0.));
#2281 = ADVANCED_FACE('',(#2282),#2293,.F.);
#2282 = FACE_BOUND('',#2283,.T.);
#2283 = EDGE_LOOP('',(#2284,#2290,#2291,#2292));
#2284 = ORIENTED_EDGE('',*,*,#2285,.T.);
#2285 = EDGE_CURVE('',#1220,#628,#2286,.T.);
#2286 = LINE('',#2287,#2288);
#2287 = CARTESIAN_POINT('',(30.6,0.,0.));
#2288 = VECTOR('',#2289,1.);
#2289 = DIRECTION('',(0.,0.,1.));
#2290 = ORIENTED_EDGE('',*,*,#627,.T.);
#2291 = ORIENTED_EDGE('',*,*,#2285,.F.);
#2292 = ORIENTED_EDGE('',*,*,#1219,.F.);
#2293 = CYLINDRICAL_SURFACE('',#2294,1.6);
#2294 = AXIS2_PLACEMENT_3D('',#2295,#2296,#2297);
#2295 = CARTESIAN_POINT('',(29.,0.,0.));
#2296 = DIRECTION('',(-0.,-0.,-1.));
#2297 = DIRECTION('',(1.,0.,0.));
#2298 = ADVANCED_FACE('',(#2299),#2310,.F.);
#2299 = FACE_BOUND('',#2300,.T.);
#2300 = EDGE_LOOP('',(#2301,#2307,#2308,#2309));
#2301 = ORIENTED_EDGE('',*,*,#2302,.T.);
#2302 = EDGE_CURVE('',#1231,#639,#2303,.T.);
#2303 = LINE('',#2304,#2305);
#2304 = CARTESIAN_POINT('',(9.105752307973,28.011848962383,0.));
#2305 = VECTOR('',#2306,1.);
#2306 = DIRECTION('',(0.,0.,1.));
#2307 = ORIENTED_EDGE('',*,*,#638,.T.);
#2308 = ORIENTED_EDGE('',*,*,#2302,.F.);
#2309 = ORIENTED_EDGE('',*,*,#1230,.F.);
#2310 = CYLINDRICAL_SURFACE('',#2311,1.6);
#2311 = AXIS2_PLACEMENT_3D('',#2312,#2313,#2314);
#2312 = CARTESIAN_POINT('',(7.505752307973,28.011848962383,0.));
#2313 = DIRECTION('',(-0.,-0.,-1.));
#2314 = DIRECTION('',(1.,0.,0.));
#2315 = ADVANCED_FACE('',(#2316),#2327,.F.);
#2316 = FACE_BOUND('',#2317,.F.);
#2317 = EDGE_LOOP('',(#2318,#2319,#2325,#2326));
#2318 = ORIENTED_EDGE('',*,*,#682,.F.);
#2319 = ORIENTED_EDGE('',*,*,#2320,.T.);
#2320 = EDGE_CURVE('',#683,#866,#2321,.T.);
#2321 = LINE('',#2322,#2323);
#2322 = CARTESIAN_POINT('',(50.,-48.4,7.3));
#2323 = VECTOR('',#2324,1.);
#2324 = DIRECTION('',(-1.,-0.,-0.));
#2325 = ORIENTED_EDGE('',*,*,#865,.T.);
#2326 = ORIENTED_EDGE('',*,*,#2320,.F.);
#2327 = CYLINDRICAL_SURFACE('',#2328,1.6);
#2328 = AXIS2_PLACEMENT_3D('',#2329,#2330,#2331);
#2329 = CARTESIAN_POINT('',(50.,-50.,7.3));
#2330 = DIRECTION('',(1.,0.,0.));
#2331 = DIRECTION('',(0.,1.,0.));
#2332 = ADVANCED_FACE('',(#2333),#2344,.F.);
#2333 = FACE_BOUND('',#2334,.F.);
#2334 = EDGE_LOOP('',(#2335,#2336,#2342,#2343));
#2335 = ORIENTED_EDGE('',*,*,#693,.F.);
#2336 = ORIENTED_EDGE('',*,*,#2337,.T.);
#2337 = EDGE_CURVE('',#694,#855,#2338,.T.);
#2338 = LINE('',#2339,#2340);
#2339 = CARTESIAN_POINT('',(50.,-48.4,25.));
#2340 = VECTOR('',#2341,1.);
#2341 = DIRECTION('',(-1.,-0.,-0.));
#2342 = ORIENTED_EDGE('',*,*,#854,.T.);
#2343 = ORIENTED_EDGE('',*,*,#2337,.F.);
#2344 = CYLINDRICAL_SURFACE('',#2345,1.6);
#2345 = AXIS2_PLACEMENT_3D('',#2346,#2347,#2348);
#2346 = CARTESIAN_POINT('',(50.,-50.,25.));
#2347 = DIRECTION('',(1.,0.,0.));
#2348 = DIRECTION('',(0.,1.,0.));
#2349 = ADVANCED_FACE('',(#2350),#2361,.F.);
#2350 = FACE_BOUND('',#2351,.F.);
#2351 = EDGE_LOOP('',(#2352,#2353,#2359,#2360));
#2352 = ORIENTED_EDGE('',*,*,#704,.F.);
#2353 = ORIENTED_EDGE('',*,*,#2354,.T.);
#2354 = EDGE_CURVE('',#705,#877,#2355,.T.);
#2355 = LINE('',#2356,#2357);
#2356 = CARTESIAN_POINT('',(50.,-56.9,16.15));
#2357 = VECTOR('',#2358,1.);
#2358 = DIRECTION('',(-1.,-0.,-0.));
#2359 = ORIENTED_EDGE('',*,*,#876,.T.);
#2360 = ORIENTED_EDGE('',*,*,#2354,.F.);
#2361 = CYLINDRICAL_SURFACE('',#2362,2.1);
#2362 = AXIS2_PLACEMENT_3D('',#2363,#2364,#2365);
#2363 = CARTESIAN_POINT('',(50.,-59.,16.15));
#2364 = DIRECTION('',(1.,0.,0.));
#2365 = DIRECTION('',(0.,1.,0.));
#2366 = ADVANCED_FACE('',(#2367),#2378,.F.);
#2367 = FACE_BOUND('',#2368,.F.);
#2368 = EDGE_LOOP('',(#2369,#2375,#2376,#2377));
#2369 = ORIENTED_EDGE('',*,*,#2370,.T.);
#2370 = EDGE_CURVE('',#766,#1326,#2371,.T.);
#2371 = LINE('',#2372,#2373);
#2372 = CARTESIAN_POINT('',(18.000000000477,-45.,10.));
#2373 = VECTOR('',#2374,1.);
#2374 = DIRECTION('',(1.,0.,0.));
#2375 = ORIENTED_EDGE('',*,*,#1335,.T.);
#2376 = ORIENTED_EDGE('',*,*,#732,.T.);
#2377 = ORIENTED_EDGE('',*,*,#765,.F.);
#2378 = PLANE('',#2379);
#2379 = AXIS2_PLACEMENT_3D('',#2380,#2381,#2382);
#2380 = CARTESIAN_POINT('',(36.,-45.,0.));
#2381 = DIRECTION('',(0.,-1.,0.));
#2382 = DIRECTION('',(-1.,0.,0.));
#2383 = ADVANCED_FACE('',(#2384),#2395,.F.);
#2384 = FACE_BOUND('',#2385,.F.);
#2385 = EDGE_LOOP('',(#2386,#2387,#2393,#2394));
#2386 = ORIENTED_EDGE('',*,*,#1363,.F.);
#2387 = ORIENTED_EDGE('',*,*,#2388,.T.);
#2388 = EDGE_CURVE('',#1364,#782,#2389,.T.);
#2389 = LINE('',#2390,#2391);
#2390 = CARTESIAN_POINT('',(50.,-48.4,25.));
#2391 = VECTOR('',#2392,1.);
#2392 = DIRECTION('',(-1.,-0.,-0.));
#2393 = ORIENTED_EDGE('',*,*,#781,.T.);
#2394 = ORIENTED_EDGE('',*,*,#2388,.F.);
#2395 = CYLINDRICAL_SURFACE('',#2396,1.6);
#2396 = AXIS2_PLACEMENT_3D('',#2397,#2398,#2399);
#2397 = CARTESIAN_POINT('',(50.,-50.,25.));
#2398 = DIRECTION('',(1.,0.,0.));
#2399 = DIRECTION('',(0.,1.,0.));
#2400 = ADVANCED_FACE('',(#2401),#2412,.F.);
#2401 = FACE_BOUND('',#2402,.F.);
#2402 = EDGE_LOOP('',(#2403,#2404,#2410,#2411));
#2403 = ORIENTED_EDGE('',*,*,#1352,.F.);
#2404 = ORIENTED_EDGE('',*,*,#2405,.T.);
#2405 = EDGE_CURVE('',#1353,#793,#2406,.T.);
#2406 = LINE('',#2407,#2408);
#2407 = CARTESIAN_POINT('',(50.,-48.4,7.3));
#2408 = VECTOR('',#2409,1.);
#2409 = DIRECTION('',(-1.,-0.,-0.));
#2410 = ORIENTED_EDGE('',*,*,#792,.T.);
#2411 = ORIENTED_EDGE('',*,*,#2405,.F.);
#2412 = CYLINDRICAL_SURFACE('',#2413,1.6);
#2413 = AXIS2_PLACEMENT_3D('',#2414,#2415,#2416);
#2414 = CARTESIAN_POINT('',(50.,-50.,7.3));
#2415 = DIRECTION('',(1.,0.,0.));
#2416 = DIRECTION('',(0.,1.,0.));
#2417 = ADVANCED_FACE('',(#2418),#2429,.F.);
#2418 = FACE_BOUND('',#2419,.F.);
#2419 = EDGE_LOOP('',(#2420,#2421,#2427,#2428));
#2420 = ORIENTED_EDGE('',*,*,#1374,.F.);
#2421 = ORIENTED_EDGE('',*,*,#2422,.T.);
#2422 = EDGE_CURVE('',#1375,#804,#2423,.T.);
#2423 = LINE('',#2424,#2425);
#2424 = CARTESIAN_POINT('',(50.,-56.9,16.15));
#2425 = VECTOR('',#2426,1.);
#2426 = DIRECTION('',(-1.,-0.,-0.));
#2427 = ORIENTED_EDGE('',*,*,#803,.T.);
#2428 = ORIENTED_EDGE('',*,*,#2422,.F.);
#2429 = CYLINDRICAL_SURFACE('',#2430,2.1);
#2430 = AXIS2_PLACEMENT_3D('',#2431,#2432,#2433);
#2431 = CARTESIAN_POINT('',(50.,-59.,16.15));
#2432 = DIRECTION('',(1.,0.,0.));
#2433 = DIRECTION('',(0.,1.,0.));
#2434 = ADVANCED_FACE('',(#2435),#2454,.T.);
#2435 = FACE_BOUND('',#2436,.F.);
#2436 = EDGE_LOOP('',(#2437,#2445,#2452,#2453));
#2437 = ORIENTED_EDGE('',*,*,#2438,.T.);
#2438 = EDGE_CURVE('',#904,#2439,#2441,.T.);
#2439 = VERTEX_POINT('',#2440);
#2440 = CARTESIAN_POINT('',(-43.,7.8,10.));
#2441 = LINE('',#2442,#2443);
#2442 = CARTESIAN_POINT('',(-43.,7.8,0.));
#2443 = VECTOR('',#2444,1.);
#2444 = DIRECTION('',(0.,0.,1.));
#2445 = ORIENTED_EDGE('',*,*,#2446,.T.);
#2446 = EDGE_CURVE('',#2439,#823,#2447,.T.);
#2447 = CIRCLE('',#2448,7.8);
#2448 = AXIS2_PLACEMENT_3D('',#2449,#2450,#2451);
#2449 = CARTESIAN_POINT('',(-43.,0.,10.));
#2450 = DIRECTION('',(0.,0.,1.));
#2451 = DIRECTION('',(1.,0.,0.));
#2452 = ORIENTED_EDGE('',*,*,#820,.F.);
#2453 = ORIENTED_EDGE('',*,*,#903,.F.);
#2454 = CYLINDRICAL_SURFACE('',#2455,7.8);
#2455 = AXIS2_PLACEMENT_3D('',#2456,#2457,#2458);
#2456 = CARTESIAN_POINT('',(-43.,0.,0.));
#2457 = DIRECTION('',(-0.,-0.,-1.));
#2458 = DIRECTION('',(1.,0.,0.));
#2459 = ADVANCED_FACE('',(#2460),#2479,.T.);
#2460 = FACE_BOUND('',#2461,.F.);
#2461 = EDGE_LOOP('',(#2462,#2463,#2472,#2478));
#2462 = ORIENTED_EDGE('',*,*,#1344,.T.);
#2463 = ORIENTED_EDGE('',*,*,#2464,.T.);
#2464 = EDGE_CURVE('',#1328,#2465,#2467,.T.);
#2465 = VERTEX_POINT('',#2466);
#2466 = CARTESIAN_POINT('',(43.,7.8,10.));
#2467 = CIRCLE('',#2468,7.8);
#2468 = AXIS2_PLACEMENT_3D('',#2469,#2470,#2471);
#2469 = CARTESIAN_POINT('',(43.,0.,10.));
#2470 = DIRECTION('',(0.,0.,1.));
#2471 = DIRECTION('',(1.,0.,0.));
#2472 = ORIENTED_EDGE('',*,*,#2473,.F.);
#2473 = EDGE_CURVE('',#931,#2465,#2474,.T.);
#2474 = LINE('',#2475,#2476);
#2475 = CARTESIAN_POINT('',(43.,7.8,0.));
#2476 = VECTOR('',#2477,1.);
#2477 = DIRECTION('',(0.,0.,1.));
#2478 = ORIENTED_EDGE('',*,*,#939,.F.);
#2479 = CYLINDRICAL_SURFACE('',#2480,7.8);
#2480 = AXIS2_PLACEMENT_3D('',#2481,#2482,#2483);
#2481 = CARTESIAN_POINT('',(43.,0.,0.));
#2482 = DIRECTION('',(-0.,-0.,-1.));
#2483 = DIRECTION('',(1.,0.,0.));
#2484 = ADVANCED_FACE('',(#2485),#2504,.F.);
#2485 = FACE_BOUND('',#2486,.T.);
#2486 = EDGE_LOOP('',(#2487,#2495,#2502,#2503));
#2487 = ORIENTED_EDGE('',*,*,#2488,.T.);
#2488 = EDGE_CURVE('',#922,#2489,#2491,.T.);
#2489 = VERTEX_POINT('',#2490);
#2490 = CARTESIAN_POINT('',(38.38327835223,11.257172954842,10.));
#2491 = LINE('',#2492,#2493);
#2492 = CARTESIAN_POINT('',(38.38327835223,11.257172954842,0.));
#2493 = VECTOR('',#2494,1.);
#2494 = DIRECTION('',(0.,0.,1.));
#2495 = ORIENTED_EDGE('',*,*,#2496,.T.);
#2496 = EDGE_CURVE('',#2489,#2465,#2497,.T.);
#2497 = CIRCLE('',#2498,4.811180124224);
#2498 = AXIS2_PLACEMENT_3D('',#2499,#2500,#2501);
#2499 = CARTESIAN_POINT('',(43.,12.611180124224,10.));
#2500 = DIRECTION('',(0.,0.,1.));
#2501 = DIRECTION('',(1.,0.,0.));
#2502 = ORIENTED_EDGE('',*,*,#2473,.F.);
#2503 = ORIENTED_EDGE('',*,*,#930,.F.);
#2504 = CYLINDRICAL_SURFACE('',#2505,4.811180124224);
#2505 = AXIS2_PLACEMENT_3D('',#2506,#2507,#2508);
#2506 = CARTESIAN_POINT('',(43.,12.611180124224,0.));
#2507 = DIRECTION('',(-0.,-0.,-1.));
#2508 = DIRECTION('',(1.,0.,0.));
#2509 = ADVANCED_FACE('',(#2510),#2529,.T.);
#2510 = FACE_BOUND('',#2511,.F.);
#2511 = EDGE_LOOP('',(#2512,#2513,#2522,#2528));
#2512 = ORIENTED_EDGE('',*,*,#2488,.T.);
#2513 = ORIENTED_EDGE('',*,*,#2514,.T.);
#2514 = EDGE_CURVE('',#2489,#2515,#2517,.T.);
#2515 = VERTEX_POINT('',#2516);
#2516 = CARTESIAN_POINT('',(-38.38327835223,11.257172954842,10.));
#2517 = CIRCLE('',#2518,40.);
#2518 = AXIS2_PLACEMENT_3D('',#2519,#2520,#2521);
#2519 = CARTESIAN_POINT('',(9.7E-16,0.,10.));
#2520 = DIRECTION('',(0.,0.,1.));
#2521 = DIRECTION('',(1.,0.,0.));
#2522 = ORIENTED_EDGE('',*,*,#2523,.F.);
#2523 = EDGE_CURVE('',#913,#2515,#2524,.T.);
#2524 = LINE('',#2525,#2526);
#2525 = CARTESIAN_POINT('',(-38.38327835223,11.257172954842,0.));
#2526 = VECTOR('',#2527,1.);
#2527 = DIRECTION('',(0.,0.,1.));
#2528 = ORIENTED_EDGE('',*,*,#921,.F.);
#2529 = CYLINDRICAL_SURFACE('',#2530,40.);
#2530 = AXIS2_PLACEMENT_3D('',#2531,#2532,#2533);
#2531 = CARTESIAN_POINT('',(9.7E-16,0.,0.));
#2532 = DIRECTION('',(-0.,-0.,-1.));
#2533 = DIRECTION('',(1.,0.,0.));
#2534 = ADVANCED_FACE('',(#2535),#2547,.F.);
#2535 = FACE_BOUND('',#2536,.T.);
#2536 = EDGE_LOOP('',(#2537,#2538,#2545,#2546));
#2537 = ORIENTED_EDGE('',*,*,#2438,.T.);
#2538 = ORIENTED_EDGE('',*,*,#2539,.T.);
#2539 = EDGE_CURVE('',#2439,#2515,#2540,.T.);
#2540 = CIRCLE('',#2541,4.811180124224);
#2541 = AXIS2_PLACEMENT_3D('',#2542,#2543,#2544);
#2542 = CARTESIAN_POINT('',(-43.,12.611180124224,10.));
#2543 = DIRECTION('',(0.,0.,1.));
#2544 = DIRECTION('',(1.,0.,0.));
#2545 = ORIENTED_EDGE('',*,*,#2523,.F.);
#2546 = ORIENTED_EDGE('',*,*,#912,.F.);
#2547 = CYLINDRICAL_SURFACE('',#2548,4.811180124224);
#2548 = AXIS2_PLACEMENT_3D('',#2549,#2550,#2551);
#2549 = CARTESIAN_POINT('',(-43.,12.611180124224,0.));
#2550 = DIRECTION('',(-0.,-0.,-1.));
#2551 = DIRECTION('',(1.,0.,0.));
#2552 = ADVANCED_FACE('',(#2553),#2745,.T.);
#2553 = FACE_BOUND('',#2554,.F.);
#2554 = EDGE_LOOP('',(#2555,#2556,#2564,#2573,#2581,#2616,#2624,#2633,
    #2641,#2669,#2677,#2686,#2694,#2722,#2730,#2739));
#2555 = ORIENTED_EDGE('',*,*,#1252,.F.);
#2556 = ORIENTED_EDGE('',*,*,#2557,.T.);
#2557 = EDGE_CURVE('',#1253,#2558,#2560,.T.);
#2558 = VERTEX_POINT('',#2559);
#2559 = CARTESIAN_POINT('',(36.,0.,10.));
#2560 = LINE('',#2561,#2562);
#2561 = CARTESIAN_POINT('',(36.,0.,0.));
#2562 = VECTOR('',#2563,1.);
#2563 = DIRECTION('',(0.,0.,1.));
#2564 = ORIENTED_EDGE('',*,*,#2565,.T.);
#2565 = EDGE_CURVE('',#2558,#2566,#2568,.T.);
#2566 = VERTEX_POINT('',#2567);
#2567 = CARTESIAN_POINT('',(32.128764832547,16.240149948043,10.));
#2568 = CIRCLE('',#2569,36.);
#2569 = AXIS2_PLACEMENT_3D('',#2570,#2571,#2572);
#2570 = CARTESIAN_POINT('',(4.7E-15,0.,10.));
#2571 = DIRECTION('',(0.,0.,1.));
#2572 = DIRECTION('',(1.,0.,0.));
#2573 = ORIENTED_EDGE('',*,*,#2574,.T.);
#2574 = EDGE_CURVE('',#2566,#2575,#2577,.T.);
#2575 = VERTEX_POINT('',#2576);
#2576 = CARTESIAN_POINT('',(32.128764832547,16.240149948043,4.));
#2577 = LINE('',#2578,#2579);
#2578 = CARTESIAN_POINT('',(32.128764832547,16.240149948043,3.E-16));
#2579 = VECTOR('',#2580,1.);
#2580 = DIRECTION('',(-0.,-0.,-1.));
#2581 = ORIENTED_EDGE('',*,*,#2582,.F.);
#2582 = EDGE_CURVE('',#2583,#2575,#2585,.T.);
#2583 = VERTEX_POINT('',#2584);
#2584 = CARTESIAN_POINT('',(30.128764832547,19.70425156318,4.));
#2585 = B_SPLINE_CURVE_WITH_KNOTS('',8,(#2586,#2587,#2588,#2589,#2590,
    #2591,#2592,#2593,#2594,#2595,#2596,#2597,#2598,#2599,#2600,#2601,
    #2602,#2603,#2604,#2605,#2606,#2607,#2608,#2609,#2610,#2611,#2612,
    #2613,#2614,#2615),.UNSPECIFIED.,.F.,.F.,(9,7,7,7,9),(0.,
    0.33021665067,0.614131876368,0.797874006709,1.),.UNSPECIFIED.);
#2586 = CARTESIAN_POINT('',(30.128764832547,19.70425156318,4.));
#2587 = CARTESIAN_POINT('',(30.128764832547,19.70425156318,
    3.791333333759));
#2588 = CARTESIAN_POINT('',(30.142404344841,19.683395905244,
    3.582764432123));
#2589 = CARTESIAN_POINT('',(30.169660481563,19.641720620299,
    3.376036835546));
#2590 = CARTESIAN_POINT('',(30.210741115482,19.578728821441,
    3.173032800528));
#2591 = CARTESIAN_POINT('',(30.265990429446,19.493545772065,
    2.976123660933));
#2592 = CARTESIAN_POINT('',(30.335797400319,19.385001456649,
    2.788405775389));
#2593 = CARTESIAN_POINT('',(30.420457243806,19.251778193028,
    2.614047611105));
#2594 = CARTESIAN_POINT('',(30.605466027797,18.956040124016,
    2.325643177947));
#2595 = CARTESIAN_POINT('',(30.704829786407,18.795649637696,
    2.20207965672));
#2596 = CARTESIAN_POINT('',(30.816140818756,18.613678021183,
    2.098655303634));
#2597 = CARTESIAN_POINT('',(30.936221746953,18.414210970683,
    2.02316302042));
#2598 = CARTESIAN_POINT('',(31.060998508087,18.202995814449,
    1.980792145288));
#2599 = CARTESIAN_POINT('',(31.186221088731,17.986798664779,
    1.974015043974));
#2600 = CARTESIAN_POINT('',(31.307894873121,17.772760009495,
    2.00247179761));
#2601 = CARTESIAN_POINT('',(31.496881250467,17.434724673284,
    2.10189822745));
#2602 = CARTESIAN_POINT('',(31.568787296872,17.304601942132,
    2.154620794987));
#2603 = CARTESIAN_POINT('',(31.637693912795,17.178458779573,
    2.220629449977));
#2604 = CARTESIAN_POINT('',(31.703013250697,17.057544195373,
    2.299378081684));
#2605 = CARTESIAN_POINT('',(31.764219900365,16.943057053922,
    2.390151528444));
#2606 = CARTESIAN_POINT('',(31.82085039535,16.836126855498,
    2.492074668662));
#2607 = CARTESIAN_POINT('',(31.872504849982,16.737785916254,
    2.604125473392));
#2608 = CARTESIAN_POINT('',(31.969833625649,16.551190014171,
    2.858287578494));
#2609 = CARTESIAN_POINT('',(32.01439944066,16.464915706378,
    3.002304531895));
#2610 = CARTESIAN_POINT('',(32.052101069133,16.391314147031,
    3.155671420597));
#2611 = CARTESIAN_POINT('',(32.082597972905,16.331383716419,
    3.316705450884));
#2612 = CARTESIAN_POINT('',(32.105639683524,16.285899991333,
    3.483593490168));
#2613 = CARTESIAN_POINT('',(32.12105756475,16.25539745083,3.654422485208
    ));
#2614 = CARTESIAN_POINT('',(32.128764832547,16.240149948043,
    3.827219303808));
#2615 = CARTESIAN_POINT('',(32.128764832547,16.240149948043,4.));
#2616 = ORIENTED_EDGE('',*,*,#2617,.F.);
#2617 = EDGE_CURVE('',#2618,#2583,#2620,.T.);
#2618 = VERTEX_POINT('',#2619);
#2619 = CARTESIAN_POINT('',(30.128764832547,19.70425156318,10.));
#2620 = LINE('',#2621,#2622);
#2621 = CARTESIAN_POINT('',(30.128764832547,19.70425156318,-3.E-16));
#2622 = VECTOR('',#2623,1.);
#2623 = DIRECTION('',(-0.,-0.,-1.));
#2624 = ORIENTED_EDGE('',*,*,#2625,.T.);
#2625 = EDGE_CURVE('',#2618,#2626,#2628,.T.);
#2626 = VERTEX_POINT('',#2627);
#2627 = CARTESIAN_POINT('',(2.,35.944401511223,10.));
#2628 = CIRCLE('',#2629,36.);
#2629 = AXIS2_PLACEMENT_3D('',#2630,#2631,#2632);
#2630 = CARTESIAN_POINT('',(4.7E-15,0.,10.));
#2631 = DIRECTION('',(0.,0.,1.));
#2632 = DIRECTION('',(1.,0.,0.));
#2633 = ORIENTED_EDGE('',*,*,#2634,.T.);
#2634 = EDGE_CURVE('',#2626,#2635,#2637,.T.);
#2635 = VERTEX_POINT('',#2636);
#2636 = CARTESIAN_POINT('',(2.,35.944401511223,4.));
#2637 = LINE('',#2638,#2639);
#2638 = CARTESIAN_POINT('',(2.,35.944401511223,0.));
#2639 = VECTOR('',#2640,1.);
#2640 = DIRECTION('',(-0.,-0.,-1.));
#2641 = ORIENTED_EDGE('',*,*,#2642,.F.);
#2642 = EDGE_CURVE('',#2643,#2635,#2645,.T.);
#2643 = VERTEX_POINT('',#2644);
#2644 = CARTESIAN_POINT('',(-2.,35.944401511223,4.));
#2645 = B_SPLINE_CURVE_WITH_KNOTS('',8,(#2646,#2647,#2648,#2649,#2650,
    #2651,#2652,#2653,#2654,#2655,#2656,#2657,#2658,#2659,#2660,#2661,
    #2662,#2663,#2664,#2665,#2666,#2667,#2668),.UNSPECIFIED.,.F.,.F.,(9,
    7,7,9),(0.,0.32643946663,0.623504022403,1.),.UNSPECIFIED.);
#2646 = CARTESIAN_POINT('',(-2.,35.944401511223,4.));
#2647 = CARTESIAN_POINT('',(-2.,35.944401511223,3.777941983));
#2648 = CARTESIAN_POINT('',(-1.971822530063,35.945969159979,
    3.556063291831));
#2649 = CARTESIAN_POINT('',(-1.915550347275,35.949100952544,
    3.336387591089));
#2650 = CARTESIAN_POINT('',(-1.830468322186,35.953709893087,
    3.121155956747));
#2651 = CARTESIAN_POINT('',(-1.715371146896,35.95961986574,
    2.913315438151));
#2652 = CARTESIAN_POINT('',(-1.56874594939,35.96650522699,2.716820990809
    ));
#2653 = CARTESIAN_POINT('',(-1.389083351095,35.973824982102,
    2.537092174515));
#2654 = CARTESIAN_POINT('',(-0.98127077865,35.98714909995,2.240798997179
    ));
#2655 = CARTESIAN_POINT('',(-0.75145968658,35.993457225903,
    2.114570573887));
#2656 = CARTESIAN_POINT('',(-0.491910618923,35.998768684957,
    2.019337658092));
#2657 = CARTESIAN_POINT('',(-0.212460310121,36.002003611549,
    1.965740188319));
#2658 = CARTESIAN_POINT('',(7.422521432204E-02,36.002355082039,
    1.959036162841));
#2659 = CARTESIAN_POINT('',(0.354779241176,35.999932773872,
    1.999030270419));
#2660 = CARTESIAN_POINT('',(0.616967319621,35.995477704809,
    2.079955625776));
#2661 = CARTESIAN_POINT('',(1.148876675693,35.982892183944,
    2.330253169586));
#2662 = CARTESIAN_POINT('',(1.40067804377,35.974125489761,2.516928075357
    ));
#2663 = CARTESIAN_POINT('',(1.605792766596,35.965158742078,
    2.734386545492));
#2664 = CARTESIAN_POINT('',(1.766033699961,35.957187224336,
    2.971992700565));
#2665 = CARTESIAN_POINT('',(1.883768609568,35.950867983277,
    3.222077009947));
#2666 = CARTESIAN_POINT('',(1.961249722611,35.946557800612,
    3.479216900087));
#2667 = CARTESIAN_POINT('',(2.,35.944401511223,3.73959208007));
#2668 = CARTESIAN_POINT('',(2.,35.944401511223,4.));
#2669 = ORIENTED_EDGE('',*,*,#2670,.F.);
#2670 = EDGE_CURVE('',#2671,#2643,#2673,.T.);
#2671 = VERTEX_POINT('',#2672);
#2672 = CARTESIAN_POINT('',(-2.,35.944401511223,10.));
#2673 = LINE('',#2674,#2675);
#2674 = CARTESIAN_POINT('',(-2.,35.944401511223,0.));
#2675 = VECTOR('',#2676,1.);
#2676 = DIRECTION('',(-0.,-0.,-1.));
#2677 = ORIENTED_EDGE('',*,*,#2678,.T.);
#2678 = EDGE_CURVE('',#2671,#2679,#2681,.T.);
#2679 = VERTEX_POINT('',#2680);
#2680 = CARTESIAN_POINT('',(-30.12876483254,19.70425156318,10.));
#2681 = CIRCLE('',#2682,36.);
#2682 = AXIS2_PLACEMENT_3D('',#2683,#2684,#2685);
#2683 = CARTESIAN_POINT('',(4.7E-15,0.,10.));
#2684 = DIRECTION('',(0.,0.,1.));
#2685 = DIRECTION('',(1.,0.,0.));
#2686 = ORIENTED_EDGE('',*,*,#2687,.T.);
#2687 = EDGE_CURVE('',#2679,#2688,#2690,.T.);
#2688 = VERTEX_POINT('',#2689);
#2689 = CARTESIAN_POINT('',(-30.12876483254,19.70425156318,4.));
#2690 = LINE('',#2691,#2692);
#2691 = CARTESIAN_POINT('',(-30.12876483254,19.70425156318,-8.E-17));
#2692 = VECTOR('',#2693,1.);
#2693 = DIRECTION('',(-0.,-0.,-1.));
#2694 = ORIENTED_EDGE('',*,*,#2695,.F.);
#2695 = EDGE_CURVE('',#2696,#2688,#2698,.T.);
#2696 = VERTEX_POINT('',#2697);
#2697 = CARTESIAN_POINT('',(-32.12876483254,16.240149948043,4.));
#2698 = B_SPLINE_CURVE_WITH_KNOTS('',8,(#2699,#2700,#2701,#2702,#2703,
    #2704,#2705,#2706,#2707,#2708,#2709,#2710,#2711,#2712,#2713,#2714,
    #2715,#2716,#2717,#2718,#2719,#2720,#2721),.UNSPECIFIED.,.F.,.F.,(9,
    7,7,9),(0.,0.326439466418,0.623504022589,1.),.UNSPECIFIED.);
#2699 = CARTESIAN_POINT('',(-32.12876483254,16.240149948043,4.));
#2700 = CARTESIAN_POINT('',(-32.12876483254,16.240149948043,3.777941983)
  );
#2701 = CARTESIAN_POINT('',(-32.11603372122,16.265336177201,
    3.556063291831));
#2702 = CARTESIAN_POINT('',(-32.09060984175,16.315635213304,
    3.336387591089));
#2703 = CARTESIAN_POINT('',(-32.0520602888,16.391622878707,
    3.121155956748));
#2704 = CARTESIAN_POINT('',(-31.99962988761,16.49425494274,
    2.913315438151));
#2705 = CARTESIAN_POINT('',(-31.93228018661,16.624678769239,
    2.716820990809));
#2706 = CARTESIAN_POINT('',(-31.84878798134,16.783931021028,
    2.537092174515));
#2707 = CARTESIAN_POINT('',(-31.65642071947,17.143769128014,
    2.240798996898));
#2708 = CARTESIAN_POINT('',(-31.54697817104,17.345945434276,
    2.114570574195));
#2709 = CARTESIAN_POINT('',(-31.42180349582,17.573377249679,
    2.01933765817));
#2710 = CARTESIAN_POINT('',(-31.28487986981,17.817005779919,
    1.965740188092));
#2711 = CARTESIAN_POINT('',(-31.1418414897,18.065458462651,1.95903616283
    ));
#2712 = CARTESIAN_POINT('',(-30.99946669599,18.307214222715,
    1.999030270679));
#2713 = CARTESIAN_POINT('',(-30.86451445413,18.532048224133,
    2.079955625574));
#2714 = CARTESIAN_POINT('',(-30.58766039508,18.986402478938,
    2.330253169586));
#2715 = CARTESIAN_POINT('',(-30.45416753117,19.200085513309,
    2.516928075357));
#2716 = CARTESIAN_POINT('',(-30.34384473848,19.373236700124,
    2.734386545491));
#2717 = CARTESIAN_POINT('',(-30.25682073492,19.508023660275,
    2.971992700567));
#2718 = CARTESIAN_POINT('',(-30.19248065683,19.606825462375,
    3.222077009946));
#2719 = CARTESIAN_POINT('',(-30.15000737263,19.671770983253,
    3.479216900088));
#2720 = CARTESIAN_POINT('',(-30.12876483254,19.70425156318,3.73959208007
    ));
#2721 = CARTESIAN_POINT('',(-30.12876483254,19.70425156318,4.));
#2722 = ORIENTED_EDGE('',*,*,#2723,.F.);
#2723 = EDGE_CURVE('',#2724,#2696,#2726,.T.);
#2724 = VERTEX_POINT('',#2725);
#2725 = CARTESIAN_POINT('',(-32.12876483254,16.240149948043,10.));
#2726 = LINE('',#2727,#2728);
#2727 = CARTESIAN_POINT('',(-32.12876483254,16.240149948043,8.E-17));
#2728 = VECTOR('',#2729,1.);
#2729 = DIRECTION('',(-0.,-0.,-1.));
#2730 = ORIENTED_EDGE('',*,*,#2731,.T.);
#2731 = EDGE_CURVE('',#2724,#2732,#2734,.T.);
#2732 = VERTEX_POINT('',#2733);
#2733 = CARTESIAN_POINT('',(-36.,1.37307166E-07,10.));
#2734 = CIRCLE('',#2735,36.);
#2735 = AXIS2_PLACEMENT_3D('',#2736,#2737,#2738);
#2736 = CARTESIAN_POINT('',(4.7E-15,0.,10.));
#2737 = DIRECTION('',(0.,0.,1.));
#2738 = DIRECTION('',(1.,0.,0.));
#2739 = ORIENTED_EDGE('',*,*,#2740,.F.);
#2740 = EDGE_CURVE('',#1255,#2732,#2741,.T.);
#2741 = LINE('',#2742,#2743);
#2742 = CARTESIAN_POINT('',(-36.,1.373071661E-07,0.));
#2743 = VECTOR('',#2744,1.);
#2744 = DIRECTION('',(0.,0.,1.));
#2745 = CYLINDRICAL_SURFACE('',#2746,36.);
#2746 = AXIS2_PLACEMENT_3D('',#2747,#2748,#2749);
#2747 = CARTESIAN_POINT('',(4.7E-15,0.,0.));
#2748 = DIRECTION('',(-0.,-0.,-1.));
#2749 = DIRECTION('',(1.,0.,0.));
#2750 = ADVANCED_FACE('',(#2751),#2770,.F.);
#2751 = FACE_BOUND('',#2752,.T.);
#2752 = EDGE_LOOP('',(#2753,#2754,#2763,#2769));
#2753 = ORIENTED_EDGE('',*,*,#2557,.T.);
#2754 = ORIENTED_EDGE('',*,*,#2755,.T.);
#2755 = EDGE_CURVE('',#2558,#2756,#2758,.T.);
#2756 = VERTEX_POINT('',#2757);
#2757 = CARTESIAN_POINT('',(43.,7.,10.));
#2758 = CIRCLE('',#2759,7.);
#2759 = AXIS2_PLACEMENT_3D('',#2760,#2761,#2762);
#2760 = CARTESIAN_POINT('',(43.,0.,10.));
#2761 = DIRECTION('',(0.,0.,1.));
#2762 = DIRECTION('',(1.,0.,0.));
#2763 = ORIENTED_EDGE('',*,*,#2764,.F.);
#2764 = EDGE_CURVE('',#1264,#2756,#2765,.T.);
#2765 = LINE('',#2766,#2767);
#2766 = CARTESIAN_POINT('',(43.,7.,0.));
#2767 = VECTOR('',#2768,1.);
#2768 = DIRECTION('',(0.,0.,1.));
#2769 = ORIENTED_EDGE('',*,*,#1263,.F.);
#2770 = CYLINDRICAL_SURFACE('',#2771,7.);
#2771 = AXIS2_PLACEMENT_3D('',#2772,#2773,#2774);
#2772 = CARTESIAN_POINT('',(43.,0.,0.));
#2773 = DIRECTION('',(-0.,-0.,-1.));
#2774 = DIRECTION('',(1.,0.,0.));
#2775 = ADVANCED_FACE('',(#2776),#2795,.F.);
#2776 = FACE_BOUND('',#2777,.T.);
#2777 = EDGE_LOOP('',(#2778,#2786,#2793,#2794));
#2778 = ORIENTED_EDGE('',*,*,#2779,.T.);
#2779 = EDGE_CURVE('',#1291,#2780,#2782,.T.);
#2780 = VERTEX_POINT('',#2781);
#2781 = CARTESIAN_POINT('',(-43.,7.,10.));
#2782 = LINE('',#2783,#2784);
#2783 = CARTESIAN_POINT('',(-43.,7.,0.));
#2784 = VECTOR('',#2785,1.);
#2785 = DIRECTION('',(0.,0.,1.));
#2786 = ORIENTED_EDGE('',*,*,#2787,.T.);
#2787 = EDGE_CURVE('',#2780,#2732,#2788,.T.);
#2788 = CIRCLE('',#2789,7.);
#2789 = AXIS2_PLACEMENT_3D('',#2790,#2791,#2792);
#2790 = CARTESIAN_POINT('',(-43.,0.,10.));
#2791 = DIRECTION('',(0.,0.,1.));
#2792 = DIRECTION('',(1.,0.,0.));
#2793 = ORIENTED_EDGE('',*,*,#2740,.F.);
#2794 = ORIENTED_EDGE('',*,*,#1299,.F.);
#2795 = CYLINDRICAL_SURFACE('',#2796,7.);
#2796 = AXIS2_PLACEMENT_3D('',#2797,#2798,#2799);
#2797 = CARTESIAN_POINT('',(-43.,0.,0.));
#2798 = DIRECTION('',(-0.,-0.,-1.));
#2799 = DIRECTION('',(1.,0.,0.));
#2800 = ADVANCED_FACE('',(#2801),#2820,.T.);
#2801 = FACE_BOUND('',#2802,.F.);
#2802 = EDGE_LOOP('',(#2803,#2811,#2818,#2819));
#2803 = ORIENTED_EDGE('',*,*,#2804,.T.);
#2804 = EDGE_CURVE('',#1273,#2805,#2807,.T.);
#2805 = VERTEX_POINT('',#2806);
#2806 = CARTESIAN_POINT('',(36.052669039146,12.008540925267,10.));
#2807 = LINE('',#2808,#2809);
#2808 = CARTESIAN_POINT('',(36.052669039146,12.008540925267,0.));
#2809 = VECTOR('',#2810,1.);
#2810 = DIRECTION('',(0.,0.,1.));
#2811 = ORIENTED_EDGE('',*,*,#2812,.T.);
#2812 = EDGE_CURVE('',#2805,#2756,#2813,.T.);
#2813 = CIRCLE('',#2814,7.322580645161);
#2814 = AXIS2_PLACEMENT_3D('',#2815,#2816,#2817);
#2815 = CARTESIAN_POINT('',(43.,14.322580645161,10.));
#2816 = DIRECTION('',(0.,0.,1.));
#2817 = DIRECTION('',(1.,0.,0.));
#2818 = ORIENTED_EDGE('',*,*,#2764,.F.);
#2819 = ORIENTED_EDGE('',*,*,#1272,.F.);
#2820 = CYLINDRICAL_SURFACE('',#2821,7.322580645161);
#2821 = AXIS2_PLACEMENT_3D('',#2822,#2823,#2824);
#2822 = CARTESIAN_POINT('',(43.,14.322580645161,0.));
#2823 = DIRECTION('',(-0.,-0.,-1.));
#2824 = DIRECTION('',(1.,0.,0.));
#2825 = ADVANCED_FACE('',(#2826),#2845,.T.);
#2826 = FACE_BOUND('',#2827,.F.);
#2827 = EDGE_LOOP('',(#2828,#2829,#2838,#2844));
#2828 = ORIENTED_EDGE('',*,*,#2779,.T.);
#2829 = ORIENTED_EDGE('',*,*,#2830,.T.);
#2830 = EDGE_CURVE('',#2780,#2831,#2833,.T.);
#2831 = VERTEX_POINT('',#2832);
#2832 = CARTESIAN_POINT('',(-36.05266903914,12.008540925267,10.));
#2833 = CIRCLE('',#2834,7.322580645161);
#2834 = AXIS2_PLACEMENT_3D('',#2835,#2836,#2837);
#2835 = CARTESIAN_POINT('',(-43.,14.322580645161,10.));
#2836 = DIRECTION('',(0.,0.,1.));
#2837 = DIRECTION('',(1.,0.,0.));
#2838 = ORIENTED_EDGE('',*,*,#2839,.F.);
#2839 = EDGE_CURVE('',#1282,#2831,#2840,.T.);
#2840 = LINE('',#2841,#2842);
#2841 = CARTESIAN_POINT('',(-36.05266903914,12.008540925267,0.));
#2842 = VECTOR('',#2843,1.);
#2843 = DIRECTION('',(0.,0.,1.));
#2844 = ORIENTED_EDGE('',*,*,#1290,.F.);
#2845 = CYLINDRICAL_SURFACE('',#2846,7.322580645161);
#2846 = AXIS2_PLACEMENT_3D('',#2847,#2848,#2849);
#2847 = CARTESIAN_POINT('',(-43.,14.322580645161,0.));
#2848 = DIRECTION('',(-0.,-0.,-1.));
#2849 = DIRECTION('',(1.,0.,0.));
#2850 = ADVANCED_FACE('',(#2851),#2992,.F.);
#2851 = FACE_BOUND('',#2852,.T.);
#2852 = EDGE_LOOP('',(#2853,#2854,#2855,#2864,#2872,#2881,#2890,#2898,
    #2907,#2915,#2924,#2933,#2941,#2950,#2958,#2967,#2976,#2984,#2991));
#2853 = ORIENTED_EDGE('',*,*,#1281,.F.);
#2854 = ORIENTED_EDGE('',*,*,#2804,.T.);
#2855 = ORIENTED_EDGE('',*,*,#2856,.T.);
#2856 = EDGE_CURVE('',#2805,#2857,#2859,.T.);
#2857 = VERTEX_POINT('',#2858);
#2858 = CARTESIAN_POINT('',(33.397568299192,18.127394509438,10.));
#2859 = CIRCLE('',#2860,38.);
#2860 = AXIS2_PLACEMENT_3D('',#2861,#2862,#2863);
#2861 = CARTESIAN_POINT('',(4.7E-15,0.,10.));
#2862 = DIRECTION('',(0.,0.,1.));
#2863 = DIRECTION('',(1.,0.,0.));
#2864 = ORIENTED_EDGE('',*,*,#2865,.T.);
#2865 = EDGE_CURVE('',#2857,#2866,#2868,.T.);
#2866 = VERTEX_POINT('',#2867);
#2867 = CARTESIAN_POINT('',(33.397568299192,18.127394509438,
    2.013160173555));
#2868 = LINE('',#2869,#2870);
#2869 = CARTESIAN_POINT('',(33.397568299192,18.127394509438,1.5E-16));
#2870 = VECTOR('',#2871,1.);
#2871 = DIRECTION('',(-0.,-0.,-1.));
#2872 = ORIENTED_EDGE('',*,*,#2873,.F.);
#2873 = EDGE_CURVE('',#2874,#2866,#2876,.T.);
#2874 = VERTEX_POINT('',#2875);
#2875 = CARTESIAN_POINT('',(32.908965343809,19.,2.));
#2876 = ELLIPSE('',#2877,53.740115370178,38.);
#2877 = AXIS2_PLACEMENT_3D('',#2878,#2879,#2880);
#2878 = CARTESIAN_POINT('',(4.7E-15,0.,40.));
#2879 = DIRECTION('',(-0.612372435696,-0.353553390593,-0.707106781187));
#2880 = DIRECTION('',(0.612372435696,0.353553390593,-0.707106781187));
#2881 = ORIENTED_EDGE('',*,*,#2882,.F.);
#2882 = EDGE_CURVE('',#2883,#2874,#2885,.T.);
#2883 = VERTEX_POINT('',#2884);
#2884 = CARTESIAN_POINT('',(32.397568299192,19.859445317007,
    2.013160173555));
#2885 = ELLIPSE('',#2886,53.740115370178,38.);
#2886 = AXIS2_PLACEMENT_3D('',#2887,#2888,#2889);
#2887 = CARTESIAN_POINT('',(4.7E-15,0.,40.));
#2888 = DIRECTION('',(-0.612372435696,-0.353553390593,-0.707106781187));
#2889 = DIRECTION('',(0.612372435696,0.353553390593,-0.707106781187));
#2890 = ORIENTED_EDGE('',*,*,#2891,.F.);
#2891 = EDGE_CURVE('',#2892,#2883,#2894,.T.);
#2892 = VERTEX_POINT('',#2893);
#2893 = CARTESIAN_POINT('',(32.397568299192,19.859445317007,10.));
#2894 = LINE('',#2895,#2896);
#2895 = CARTESIAN_POINT('',(32.397568299192,19.859445317007,-1.5E-16));
#2896 = VECTOR('',#2897,1.);
#2897 = DIRECTION('',(-0.,-0.,-1.));
#2898 = ORIENTED_EDGE('',*,*,#2899,.T.);
#2899 = EDGE_CURVE('',#2892,#2900,#2902,.T.);
#2900 = VERTEX_POINT('',#2901);
#2901 = CARTESIAN_POINT('',(0.999999999999,37.986839826445,10.));
#2902 = CIRCLE('',#2903,38.);
#2903 = AXIS2_PLACEMENT_3D('',#2904,#2905,#2906);
#2904 = CARTESIAN_POINT('',(4.7E-15,0.,10.));
#2905 = DIRECTION('',(0.,0.,1.));
#2906 = DIRECTION('',(1.,0.,0.));
#2907 = ORIENTED_EDGE('',*,*,#2908,.T.);
#2908 = EDGE_CURVE('',#2900,#2909,#2911,.T.);
#2909 = VERTEX_POINT('',#2910);
#2910 = CARTESIAN_POINT('',(1.,37.986839826445,2.013160173555));
#2911 = LINE('',#2912,#2913);
#2912 = CARTESIAN_POINT('',(1.,37.986839826445,0.));
#2913 = VECTOR('',#2914,1.);
#2914 = DIRECTION('',(-0.,-0.,-1.));
#2915 = ORIENTED_EDGE('',*,*,#2916,.F.);
#2916 = EDGE_CURVE('',#2917,#2909,#2919,.T.);
#2917 = VERTEX_POINT('',#2918);
#2918 = CARTESIAN_POINT('',(5.E-15,38.,2.));
#2919 = ELLIPSE('',#2920,53.740115370178,38.);
#2920 = AXIS2_PLACEMENT_3D('',#2921,#2922,#2923);
#2921 = CARTESIAN_POINT('',(4.7E-15,0.,40.));
#2922 = DIRECTION('',(0.,-0.707106781187,-0.707106781187));
#2923 = DIRECTION('',(0.,0.707106781187,-0.707106781187));
#2924 = ORIENTED_EDGE('',*,*,#2925,.F.);
#2925 = EDGE_CURVE('',#2926,#2917,#2928,.T.);
#2926 = VERTEX_POINT('',#2927);
#2927 = CARTESIAN_POINT('',(-1.,37.986839826445,2.013160173555));
#2928 = ELLIPSE('',#2929,53.740115370178,38.);
#2929 = AXIS2_PLACEMENT_3D('',#2930,#2931,#2932);
#2930 = CARTESIAN_POINT('',(4.7E-15,0.,40.));
#2931 = DIRECTION('',(0.,-0.707106781187,-0.707106781187));
#2932 = DIRECTION('',(0.,0.707106781187,-0.707106781187));
#2933 = ORIENTED_EDGE('',*,*,#2934,.F.);
#2934 = EDGE_CURVE('',#2935,#2926,#2937,.T.);
#2935 = VERTEX_POINT('',#2936);
#2936 = CARTESIAN_POINT('',(-0.999999999999,37.986839826445,10.));
#2937 = LINE('',#2938,#2939);
#2938 = CARTESIAN_POINT('',(-1.,37.986839826445,0.));
#2939 = VECTOR('',#2940,1.);
#2940 = DIRECTION('',(-0.,-0.,-1.));
#2941 = ORIENTED_EDGE('',*,*,#2942,.T.);
#2942 = EDGE_CURVE('',#2935,#2943,#2945,.T.);
#2943 = VERTEX_POINT('',#2944);
#2944 = CARTESIAN_POINT('',(-32.39756829919,19.859445317007,10.));
#2945 = CIRCLE('',#2946,38.);
#2946 = AXIS2_PLACEMENT_3D('',#2947,#2948,#2949);
#2947 = CARTESIAN_POINT('',(4.7E-15,0.,10.));
#2948 = DIRECTION('',(0.,0.,1.));
#2949 = DIRECTION('',(1.,0.,0.));
#2950 = ORIENTED_EDGE('',*,*,#2951,.T.);
#2951 = EDGE_CURVE('',#2943,#2952,#2954,.T.);
#2952 = VERTEX_POINT('',#2953);
#2953 = CARTESIAN_POINT('',(-32.39756829919,19.859445317007,
    2.013160173555));
#2954 = LINE('',#2955,#2956);
#2955 = CARTESIAN_POINT('',(-32.39756829919,19.859445317007,-4.E-17));
#2956 = VECTOR('',#2957,1.);
#2957 = DIRECTION('',(-0.,-0.,-1.));
#2958 = ORIENTED_EDGE('',*,*,#2959,.F.);
#2959 = EDGE_CURVE('',#2960,#2952,#2962,.T.);
#2960 = VERTEX_POINT('',#2961);
#2961 = CARTESIAN_POINT('',(-32.9089653438,19.,2.));
#2962 = ELLIPSE('',#2963,53.740115370178,38.);
#2963 = AXIS2_PLACEMENT_3D('',#2964,#2965,#2966);
#2964 = CARTESIAN_POINT('',(4.7E-15,0.,40.));
#2965 = DIRECTION('',(0.612372435696,-0.353553390593,-0.707106781187));
#2966 = DIRECTION('',(-0.612372435696,0.353553390593,-0.707106781187));
#2967 = ORIENTED_EDGE('',*,*,#2968,.F.);
#2968 = EDGE_CURVE('',#2969,#2960,#2971,.T.);
#2969 = VERTEX_POINT('',#2970);
#2970 = CARTESIAN_POINT('',(-33.39756829919,18.127394509438,
    2.013160173555));
#2971 = ELLIPSE('',#2972,53.740115370178,38.);
#2972 = AXIS2_PLACEMENT_3D('',#2973,#2974,#2975);
#2973 = CARTESIAN_POINT('',(4.7E-15,0.,40.));
#2974 = DIRECTION('',(0.612372435696,-0.353553390593,-0.707106781187));
#2975 = DIRECTION('',(-0.612372435696,0.353553390593,-0.707106781187));
#2976 = ORIENTED_EDGE('',*,*,#2977,.F.);
#2977 = EDGE_CURVE('',#2978,#2969,#2980,.T.);
#2978 = VERTEX_POINT('',#2979);
#2979 = CARTESIAN_POINT('',(-33.39756829919,18.127394509438,10.));
#2980 = LINE('',#2981,#2982);
#2981 = CARTESIAN_POINT('',(-33.39756829919,18.127394509438,4.E-17));
#2982 = VECTOR('',#2983,1.);
#2983 = DIRECTION('',(-0.,-0.,-1.));
#2984 = ORIENTED_EDGE('',*,*,#2985,.T.);
#2985 = EDGE_CURVE('',#2978,#2831,#2986,.T.);
#2986 = CIRCLE('',#2987,38.);
#2987 = AXIS2_PLACEMENT_3D('',#2988,#2989,#2990);
#2988 = CARTESIAN_POINT('',(4.7E-15,0.,10.));
#2989 = DIRECTION('',(0.,0.,1.));
#2990 = DIRECTION('',(1.,0.,0.));
#2991 = ORIENTED_EDGE('',*,*,#2839,.F.);
#2992 = CYLINDRICAL_SURFACE('',#2993,38.);
#2993 = AXIS2_PLACEMENT_3D('',#2994,#2995,#2996);
#2994 = CARTESIAN_POINT('',(4.7E-15,0.,0.));
#2995 = DIRECTION('',(-0.,-0.,-1.));
#2996 = DIRECTION('',(1.,0.,0.));
#2997 = ADVANCED_FACE('',(#2998),#3014,.T.);
#2998 = FACE_BOUND('',#2999,.T.);
#2999 = EDGE_LOOP('',(#3000,#3001,#3007,#3008));
#3000 = ORIENTED_EDGE('',*,*,#1438,.T.);
#3001 = ORIENTED_EDGE('',*,*,#3002,.T.);
#3002 = EDGE_CURVE('',#1411,#2696,#3003,.T.);
#3003 = LINE('',#3004,#3005);
#3004 = CARTESIAN_POINT('',(-1.,-1.732050807569,4.));
#3005 = VECTOR('',#3006,1.);
#3006 = DIRECTION('',(-0.866025403784,0.5,-2.2E-16));
#3007 = ORIENTED_EDGE('',*,*,#2723,.F.);
#3008 = ORIENTED_EDGE('',*,*,#3009,.F.);
#3009 = EDGE_CURVE('',#1439,#2724,#3010,.T.);
#3010 = LINE('',#3011,#3012);
#3011 = CARTESIAN_POINT('',(0.719538770025,-2.724826979325,10.));
#3012 = VECTOR('',#3013,1.);
#3013 = DIRECTION('',(-0.866025403784,0.5,0.));
#3014 = PLANE('',#3015);
#3015 = AXIS2_PLACEMENT_3D('',#3016,#3017,#3018);
#3016 = CARTESIAN_POINT('',(-1.,-1.732050807569,4.));
#3017 = DIRECTION('',(0.5,0.866025403784,0.));
#3018 = DIRECTION('',(-1.905255888326E-16,1.1E-16,1.));
#3019 = ADVANCED_FACE('',(#3020),#3032,.F.);
#3020 = FACE_BOUND('',#3021,.F.);
#3021 = EDGE_LOOP('',(#3022,#3023,#3024,#3025,#3031));
#3022 = ORIENTED_EDGE('',*,*,#1410,.F.);
#3023 = ORIENTED_EDGE('',*,*,#3002,.T.);
#3024 = ORIENTED_EDGE('',*,*,#2695,.T.);
#3025 = ORIENTED_EDGE('',*,*,#3026,.F.);
#3026 = EDGE_CURVE('',#1462,#2688,#3027,.T.);
#3027 = LINE('',#3028,#3029);
#3028 = CARTESIAN_POINT('',(1.,1.732050807569,4.));
#3029 = VECTOR('',#3030,1.);
#3030 = DIRECTION('',(-0.866025403784,0.5,-2.2E-16));
#3031 = ORIENTED_EDGE('',*,*,#1461,.F.);
#3032 = CYLINDRICAL_SURFACE('',#3033,2.);
#3033 = AXIS2_PLACEMENT_3D('',#3034,#3035,#3036);
#3034 = CARTESIAN_POINT('',(-7.707626093682E-16,4.45E-16,4.));
#3035 = DIRECTION('',(0.866025403784,-0.5,2.2E-16));
#3036 = DIRECTION('',(0.5,0.866025403784,0.));
#3037 = ADVANCED_FACE('',(#3038),#3049,.T.);
#3038 = FACE_BOUND('',#3039,.T.);
#3039 = EDGE_LOOP('',(#3040,#3041,#3042,#3048));
#3040 = ORIENTED_EDGE('',*,*,#3026,.F.);
#3041 = ORIENTED_EDGE('',*,*,#1535,.F.);
#3042 = ORIENTED_EDGE('',*,*,#3043,.F.);
#3043 = EDGE_CURVE('',#2679,#1527,#3044,.T.);
#3044 = LINE('',#3045,#3046);
#3045 = CARTESIAN_POINT('',(2.719538770025,0.739274635813,10.));
#3046 = VECTOR('',#3047,1.);
#3047 = DIRECTION('',(0.866025403784,-0.5,0.));
#3048 = ORIENTED_EDGE('',*,*,#2687,.T.);
#3049 = PLANE('',#3050);
#3050 = AXIS2_PLACEMENT_3D('',#3051,#3052,#3053);
#3051 = CARTESIAN_POINT('',(1.,1.732050807569,11.011673));
#3052 = DIRECTION('',(-0.5,-0.866025403784,0.));
#3053 = DIRECTION('',(1.905255888326E-16,-1.1E-16,-1.));
#3054 = ADVANCED_FACE('',(#3055),#3066,.T.);
#3055 = FACE_BOUND('',#3056,.T.);
#3056 = EDGE_LOOP('',(#3057,#3058,#3059,#3065));
#3057 = ORIENTED_EDGE('',*,*,#3043,.T.);
#3058 = ORIENTED_EDGE('',*,*,#1526,.F.);
#3059 = ORIENTED_EDGE('',*,*,#3060,.T.);
#3060 = EDGE_CURVE('',#1519,#2671,#3061,.T.);
#3061 = LINE('',#3062,#3063);
#3062 = CARTESIAN_POINT('',(-2.,-3.971104686198,10.));
#3063 = VECTOR('',#3064,1.);
#3064 = DIRECTION('',(0.,1.,0.));
#3065 = ORIENTED_EDGE('',*,*,#2678,.T.);
#3066 = PLANE('',#3067);
#3067 = AXIS2_PLACEMENT_3D('',#3068,#3069,#3070);
#3068 = CARTESIAN_POINT('',(9.5430835E-10,-7.942209372396,10.));
#3069 = DIRECTION('',(0.,0.,1.));
#3070 = DIRECTION('',(1.,0.,0.));
#3071 = ADVANCED_FACE('',(#3072),#3083,.T.);
#3072 = FACE_BOUND('',#3073,.T.);
#3073 = EDGE_LOOP('',(#3074,#3075,#3081,#3082));
#3074 = ORIENTED_EDGE('',*,*,#1518,.T.);
#3075 = ORIENTED_EDGE('',*,*,#3076,.T.);
#3076 = EDGE_CURVE('',#1491,#2643,#3077,.T.);
#3077 = LINE('',#3078,#3079);
#3078 = CARTESIAN_POINT('',(-2.,8.9E-16,4.));
#3079 = VECTOR('',#3080,1.);
#3080 = DIRECTION('',(0.,1.,-2.2E-16));
#3081 = ORIENTED_EDGE('',*,*,#2670,.F.);
#3082 = ORIENTED_EDGE('',*,*,#3060,.F.);
#3083 = PLANE('',#3084);
#3084 = AXIS2_PLACEMENT_3D('',#3085,#3086,#3087);
#3085 = CARTESIAN_POINT('',(-2.,8.9E-16,4.));
#3086 = DIRECTION('',(1.,0.,0.));
#3087 = DIRECTION('',(0.,2.2E-16,1.));
#3088 = ADVANCED_FACE('',(#3089),#3101,.F.);
#3089 = FACE_BOUND('',#3090,.F.);
#3090 = EDGE_LOOP('',(#3091,#3092,#3093,#3094,#3100));
#3091 = ORIENTED_EDGE('',*,*,#1490,.F.);
#3092 = ORIENTED_EDGE('',*,*,#3076,.T.);
#3093 = ORIENTED_EDGE('',*,*,#2642,.T.);
#3094 = ORIENTED_EDGE('',*,*,#3095,.F.);
#3095 = EDGE_CURVE('',#1550,#2635,#3096,.T.);
#3096 = LINE('',#3097,#3098);
#3097 = CARTESIAN_POINT('',(2.,8.9E-16,4.));
#3098 = VECTOR('',#3099,1.);
#3099 = DIRECTION('',(0.,1.,-2.2E-16));
#3100 = ORIENTED_EDGE('',*,*,#1549,.F.);
#3101 = CYLINDRICAL_SURFACE('',#3102,2.);
#3102 = AXIS2_PLACEMENT_3D('',#3103,#3104,#3105);
#3103 = CARTESIAN_POINT('',(0.,8.9E-16,4.));
#3104 = DIRECTION('',(0.,-1.,2.2E-16));
#3105 = DIRECTION('',(1.,0.,0.));
#3106 = ADVANCED_FACE('',(#3107),#3118,.T.);
#3107 = FACE_BOUND('',#3108,.T.);
#3108 = EDGE_LOOP('',(#3109,#3110,#3111,#3117));
#3109 = ORIENTED_EDGE('',*,*,#3095,.F.);
#3110 = ORIENTED_EDGE('',*,*,#1630,.F.);
#3111 = ORIENTED_EDGE('',*,*,#3112,.F.);
#3112 = EDGE_CURVE('',#2626,#1622,#3113,.T.);
#3113 = LINE('',#3114,#3115);
#3114 = CARTESIAN_POINT('',(2.,-3.971104686198,10.));
#3115 = VECTOR('',#3116,1.);
#3116 = DIRECTION('',(0.,-1.,0.));
#3117 = ORIENTED_EDGE('',*,*,#2634,.T.);
#3118 = PLANE('',#3119);
#3119 = AXIS2_PLACEMENT_3D('',#3120,#3121,#3122);
#3120 = CARTESIAN_POINT('',(2.,2.45E-15,11.011673));
#3121 = DIRECTION('',(-1.,0.,0.));
#3122 = DIRECTION('',(-0.,-2.2E-16,-1.));
#3123 = ADVANCED_FACE('',(#3124),#3135,.T.);
#3124 = FACE_BOUND('',#3125,.T.);
#3125 = EDGE_LOOP('',(#3126,#3127,#3133,#3134));
#3126 = ORIENTED_EDGE('',*,*,#1621,.F.);
#3127 = ORIENTED_EDGE('',*,*,#3128,.T.);
#3128 = EDGE_CURVE('',#1614,#2618,#3129,.T.);
#3129 = LINE('',#3130,#3131);
#3130 = CARTESIAN_POINT('',(-2.71953876931,0.739274636226,10.));
#3131 = VECTOR('',#3132,1.);
#3132 = DIRECTION('',(0.866025403784,0.5,0.));
#3133 = ORIENTED_EDGE('',*,*,#2625,.T.);
#3134 = ORIENTED_EDGE('',*,*,#3112,.T.);
#3135 = PLANE('',#3136);
#3136 = AXIS2_PLACEMENT_3D('',#3137,#3138,#3139);
#3137 = CARTESIAN_POINT('',(9.5430835E-10,-7.942209372396,10.));
#3138 = DIRECTION('',(0.,0.,1.));
#3139 = DIRECTION('',(1.,0.,0.));
#3140 = ADVANCED_FACE('',(#3141),#3152,.T.);
#3141 = FACE_BOUND('',#3142,.T.);
#3142 = EDGE_LOOP('',(#3143,#3144,#3150,#3151));
#3143 = ORIENTED_EDGE('',*,*,#1613,.T.);
#3144 = ORIENTED_EDGE('',*,*,#3145,.T.);
#3145 = EDGE_CURVE('',#1579,#2583,#3146,.T.);
#3146 = LINE('',#3147,#3148);
#3147 = CARTESIAN_POINT('',(-1.,1.732050807569,4.));
#3148 = VECTOR('',#3149,1.);
#3149 = DIRECTION('',(0.866025403784,0.5,-2.2E-16));
#3150 = ORIENTED_EDGE('',*,*,#2617,.F.);
#3151 = ORIENTED_EDGE('',*,*,#3128,.F.);
#3152 = PLANE('',#3153);
#3153 = AXIS2_PLACEMENT_3D('',#3154,#3155,#3156);
#3154 = CARTESIAN_POINT('',(-1.,1.732050807569,4.));
#3155 = DIRECTION('',(0.5,-0.866025403784,0.));
#3156 = DIRECTION('',(1.905255888326E-16,1.1E-16,1.));
#3157 = ADVANCED_FACE('',(#3158),#3170,.F.);
#3158 = FACE_BOUND('',#3159,.F.);
#3159 = EDGE_LOOP('',(#3160,#3161,#3162,#3163,#3169));
#3160 = ORIENTED_EDGE('',*,*,#1578,.F.);
#3161 = ORIENTED_EDGE('',*,*,#3145,.T.);
#3162 = ORIENTED_EDGE('',*,*,#2582,.T.);
#3163 = ORIENTED_EDGE('',*,*,#3164,.F.);
#3164 = EDGE_CURVE('',#1645,#2575,#3165,.T.);
#3165 = LINE('',#3166,#3167);
#3166 = CARTESIAN_POINT('',(1.,-1.732050807569,4.));
#3167 = VECTOR('',#3168,1.);
#3168 = DIRECTION('',(0.866025403784,0.5,-2.2E-16));
#3169 = ORIENTED_EDGE('',*,*,#1644,.F.);
#3170 = CYLINDRICAL_SURFACE('',#3171,2.);
#3171 = AXIS2_PLACEMENT_3D('',#3172,#3173,#3174);
#3172 = CARTESIAN_POINT('',(7.707626093682E-16,4.45E-16,4.));
#3173 = DIRECTION('',(-0.866025403784,-0.5,2.2E-16));
#3174 = DIRECTION('',(0.5,-0.866025403784,0.));
#3175 = ADVANCED_FACE('',(#3176),#3187,.T.);
#3176 = FACE_BOUND('',#3177,.T.);
#3177 = EDGE_LOOP('',(#3178,#3179,#3180,#3186));
#3178 = ORIENTED_EDGE('',*,*,#3164,.F.);
#3179 = ORIENTED_EDGE('',*,*,#1690,.F.);
#3180 = ORIENTED_EDGE('',*,*,#3181,.F.);
#3181 = EDGE_CURVE('',#2566,#1682,#3182,.T.);
#3182 = LINE('',#3183,#3184);
#3183 = CARTESIAN_POINT('',(-0.71953876931,-2.724826978912,10.));
#3184 = VECTOR('',#3185,1.);
#3185 = DIRECTION('',(-0.866025403784,-0.5,0.));
#3186 = ORIENTED_EDGE('',*,*,#2574,.T.);
#3187 = PLANE('',#3188);
#3188 = AXIS2_PLACEMENT_3D('',#3189,#3190,#3191);
#3189 = CARTESIAN_POINT('',(1.,-1.732050807569,11.011673));
#3190 = DIRECTION('',(-0.5,0.866025403784,0.));
#3191 = DIRECTION('',(-1.905255888326E-16,-1.1E-16,-1.));
#3192 = ADVANCED_FACE('',(#3193),#3218,.F.);
#3193 = FACE_BOUND('',#3194,.F.);
#3194 = EDGE_LOOP('',(#3195,#3196,#3204,#3212));
#3195 = ORIENTED_EDGE('',*,*,#2977,.F.);
#3196 = ORIENTED_EDGE('',*,*,#3197,.F.);
#3197 = EDGE_CURVE('',#3198,#2978,#3200,.T.);
#3198 = VERTEX_POINT('',#3199);
#3199 = CARTESIAN_POINT('',(-29.07883832488,15.633974596216,10.));
#3200 = LINE('',#3201,#3202);
#3201 = CARTESIAN_POINT('',(-29.07883832488,15.633974596216,10.));
#3202 = VECTOR('',#3203,1.);
#3203 = DIRECTION('',(-0.866025403784,0.5,0.));
#3204 = ORIENTED_EDGE('',*,*,#3205,.F.);
#3205 = EDGE_CURVE('',#3206,#3198,#3208,.T.);
#3206 = VERTEX_POINT('',#3207);
#3207 = CARTESIAN_POINT('',(-29.07883832488,15.633974596216,7.));
#3208 = LINE('',#3209,#3210);
#3209 = CARTESIAN_POINT('',(-29.07883832488,15.633974596216,7.));
#3210 = VECTOR('',#3211,1.);
#3211 = DIRECTION('',(0.,0.,1.));
#3212 = ORIENTED_EDGE('',*,*,#3213,.F.);
#3213 = EDGE_CURVE('',#2969,#3206,#3214,.T.);
#3214 = LINE('',#3215,#3216);
#3215 = CARTESIAN_POINT('',(-33.4089653438,18.133974596216,2.));
#3216 = VECTOR('',#3217,1.);
#3217 = DIRECTION('',(0.612372435696,-0.353553390593,0.707106781187));
#3218 = PLANE('',#3219);
#3219 = AXIS2_PLACEMENT_3D('',#3220,#3221,#3222);
#3220 = CARTESIAN_POINT('',(-31.71311798141,17.15487666503,
    6.732233047034));
#3221 = DIRECTION('',(0.5,0.866025403784,0.));
#3222 = DIRECTION('',(0.,0.,1.));
#3223 = ADVANCED_FACE('',(#3224),#3243,.T.);
#3224 = FACE_BOUND('',#3225,.T.);
#3225 = EDGE_LOOP('',(#3226,#3227,#3228,#3236,#3242));
#3226 = ORIENTED_EDGE('',*,*,#2968,.T.);
#3227 = ORIENTED_EDGE('',*,*,#2959,.T.);
#3228 = ORIENTED_EDGE('',*,*,#3229,.T.);
#3229 = EDGE_CURVE('',#2952,#3230,#3232,.T.);
#3230 = VERTEX_POINT('',#3231);
#3231 = CARTESIAN_POINT('',(-28.07883832488,17.366025403784,7.));
#3232 = LINE('',#3233,#3234);
#3233 = CARTESIAN_POINT('',(-32.4089653438,19.866025403784,2.));
#3234 = VECTOR('',#3235,1.);
#3235 = DIRECTION('',(0.612372435696,-0.353553390593,0.707106781187));
#3236 = ORIENTED_EDGE('',*,*,#3237,.F.);
#3237 = EDGE_CURVE('',#3206,#3230,#3238,.T.);
#3238 = LINE('',#3239,#3240);
#3239 = CARTESIAN_POINT('',(-29.07883832488,15.633974596216,7.));
#3240 = VECTOR('',#3241,1.);
#3241 = DIRECTION('',(0.5,0.866025403784,0.));
#3242 = ORIENTED_EDGE('',*,*,#3213,.F.);
#3243 = PLANE('',#3244);
#3244 = AXIS2_PLACEMENT_3D('',#3245,#3246,#3247);
#3245 = CARTESIAN_POINT('',(-33.4089653438,18.133974596216,2.));
#3246 = DIRECTION('',(0.612372435696,-0.353553390593,-0.707106781187));
#3247 = DIRECTION('',(0.612372435696,-0.353553390593,0.707106781187));
#3248 = ADVANCED_FACE('',(#3249),#3267,.T.);
#3249 = FACE_BOUND('',#3250,.T.);
#3250 = EDGE_LOOP('',(#3251,#3252,#3260,#3266));
#3251 = ORIENTED_EDGE('',*,*,#2951,.F.);
#3252 = ORIENTED_EDGE('',*,*,#3253,.F.);
#3253 = EDGE_CURVE('',#3254,#2943,#3256,.T.);
#3254 = VERTEX_POINT('',#3255);
#3255 = CARTESIAN_POINT('',(-28.07883832488,17.366025403784,10.));
#3256 = LINE('',#3257,#3258);
#3257 = CARTESIAN_POINT('',(-28.07883832488,17.366025403784,10.));
#3258 = VECTOR('',#3259,1.);
#3259 = DIRECTION('',(-0.866025403784,0.5,0.));
#3260 = ORIENTED_EDGE('',*,*,#3261,.F.);
#3261 = EDGE_CURVE('',#3230,#3254,#3262,.T.);
#3262 = LINE('',#3263,#3264);
#3263 = CARTESIAN_POINT('',(-28.07883832488,17.366025403784,7.));
#3264 = VECTOR('',#3265,1.);
#3265 = DIRECTION('',(0.,0.,1.));
#3266 = ORIENTED_EDGE('',*,*,#3229,.F.);
#3267 = PLANE('',#3268);
#3268 = AXIS2_PLACEMENT_3D('',#3269,#3270,#3271);
#3269 = CARTESIAN_POINT('',(-30.71311798141,18.886927472599,
    6.732233047034));
#3270 = DIRECTION('',(0.5,0.866025403784,0.));
#3271 = DIRECTION('',(0.,0.,1.));
#3272 = ADVANCED_FACE('',(#3273),#3298,.F.);
#3273 = FACE_BOUND('',#3274,.F.);
#3274 = EDGE_LOOP('',(#3275,#3276,#3284,#3292));
#3275 = ORIENTED_EDGE('',*,*,#2934,.F.);
#3276 = ORIENTED_EDGE('',*,*,#3277,.F.);
#3277 = EDGE_CURVE('',#3278,#2935,#3280,.T.);
#3278 = VERTEX_POINT('',#3279);
#3279 = CARTESIAN_POINT('',(-1.,33.,10.));
#3280 = LINE('',#3281,#3282);
#3281 = CARTESIAN_POINT('',(-1.,33.,10.));
#3282 = VECTOR('',#3283,1.);
#3283 = DIRECTION('',(0.,1.,0.));
#3284 = ORIENTED_EDGE('',*,*,#3285,.F.);
#3285 = EDGE_CURVE('',#3286,#3278,#3288,.T.);
#3286 = VERTEX_POINT('',#3287);
#3287 = CARTESIAN_POINT('',(-1.,33.,7.));
#3288 = LINE('',#3289,#3290);
#3289 = CARTESIAN_POINT('',(-1.,33.,7.));
#3290 = VECTOR('',#3291,1.);
#3291 = DIRECTION('',(0.,0.,1.));
#3292 = ORIENTED_EDGE('',*,*,#3293,.F.);
#3293 = EDGE_CURVE('',#2926,#3286,#3294,.T.);
#3294 = LINE('',#3295,#3296);
#3295 = CARTESIAN_POINT('',(-1.,38.,2.));
#3296 = VECTOR('',#3297,1.);
#3297 = DIRECTION('',(0.,-0.707106781187,0.707106781187));
#3298 = PLANE('',#3299);
#3299 = AXIS2_PLACEMENT_3D('',#3300,#3301,#3302);
#3300 = CARTESIAN_POINT('',(-1.,36.04180413763,6.732233047034));
#3301 = DIRECTION('',(1.,0.,0.));
#3302 = DIRECTION('',(0.,0.,1.));
#3303 = ADVANCED_FACE('',(#3304),#3323,.T.);
#3304 = FACE_BOUND('',#3305,.T.);
#3305 = EDGE_LOOP('',(#3306,#3307,#3308,#3316,#3322));
#3306 = ORIENTED_EDGE('',*,*,#2925,.T.);
#3307 = ORIENTED_EDGE('',*,*,#2916,.T.);
#3308 = ORIENTED_EDGE('',*,*,#3309,.T.);
#3309 = EDGE_CURVE('',#2909,#3310,#3312,.T.);
#3310 = VERTEX_POINT('',#3311);
#3311 = CARTESIAN_POINT('',(1.,33.,7.));
#3312 = LINE('',#3313,#3314);
#3313 = CARTESIAN_POINT('',(1.,38.,2.));
#3314 = VECTOR('',#3315,1.);
#3315 = DIRECTION('',(0.,-0.707106781187,0.707106781187));
#3316 = ORIENTED_EDGE('',*,*,#3317,.F.);
#3317 = EDGE_CURVE('',#3286,#3310,#3318,.T.);
#3318 = LINE('',#3319,#3320);
#3319 = CARTESIAN_POINT('',(-1.,33.,7.));
#3320 = VECTOR('',#3321,1.);
#3321 = DIRECTION('',(1.,0.,0.));
#3322 = ORIENTED_EDGE('',*,*,#3293,.F.);
#3323 = PLANE('',#3324);
#3324 = AXIS2_PLACEMENT_3D('',#3325,#3326,#3327);
#3325 = CARTESIAN_POINT('',(-1.,38.,2.));
#3326 = DIRECTION('',(0.,-0.707106781187,-0.707106781187));
#3327 = DIRECTION('',(0.,-0.707106781187,0.707106781187));
#3328 = ADVANCED_FACE('',(#3329),#3347,.T.);
#3329 = FACE_BOUND('',#3330,.T.);
#3330 = EDGE_LOOP('',(#3331,#3332,#3340,#3346));
#3331 = ORIENTED_EDGE('',*,*,#2908,.F.);
#3332 = ORIENTED_EDGE('',*,*,#3333,.F.);
#3333 = EDGE_CURVE('',#3334,#2900,#3336,.T.);
#3334 = VERTEX_POINT('',#3335);
#3335 = CARTESIAN_POINT('',(1.,33.,10.));
#3336 = LINE('',#3337,#3338);
#3337 = CARTESIAN_POINT('',(1.,33.,10.));
#3338 = VECTOR('',#3339,1.);
#3339 = DIRECTION('',(0.,1.,0.));
#3340 = ORIENTED_EDGE('',*,*,#3341,.F.);
#3341 = EDGE_CURVE('',#3310,#3334,#3342,.T.);
#3342 = LINE('',#3343,#3344);
#3343 = CARTESIAN_POINT('',(1.,33.,7.));
#3344 = VECTOR('',#3345,1.);
#3345 = DIRECTION('',(0.,0.,1.));
#3346 = ORIENTED_EDGE('',*,*,#3309,.F.);
#3347 = PLANE('',#3348);
#3348 = AXIS2_PLACEMENT_3D('',#3349,#3350,#3351);
#3349 = CARTESIAN_POINT('',(1.,36.04180413763,6.732233047034));
#3350 = DIRECTION('',(1.,0.,0.));
#3351 = DIRECTION('',(0.,0.,1.));
#3352 = ADVANCED_FACE('',(#3353),#3378,.F.);
#3353 = FACE_BOUND('',#3354,.F.);
#3354 = EDGE_LOOP('',(#3355,#3356,#3364,#3372));
#3355 = ORIENTED_EDGE('',*,*,#2891,.F.);
#3356 = ORIENTED_EDGE('',*,*,#3357,.F.);
#3357 = EDGE_CURVE('',#3358,#2892,#3360,.T.);
#3358 = VERTEX_POINT('',#3359);
#3359 = CARTESIAN_POINT('',(28.078838324886,17.366025403784,10.));
#3360 = LINE('',#3361,#3362);
#3361 = CARTESIAN_POINT('',(28.078838324886,17.366025403784,10.));
#3362 = VECTOR('',#3363,1.);
#3363 = DIRECTION('',(0.866025403784,0.5,0.));
#3364 = ORIENTED_EDGE('',*,*,#3365,.F.);
#3365 = EDGE_CURVE('',#3366,#3358,#3368,.T.);
#3366 = VERTEX_POINT('',#3367);
#3367 = CARTESIAN_POINT('',(28.078838324886,17.366025403784,7.));
#3368 = LINE('',#3369,#3370);
#3369 = CARTESIAN_POINT('',(28.078838324886,17.366025403784,7.));
#3370 = VECTOR('',#3371,1.);
#3371 = DIRECTION('',(0.,0.,1.));
#3372 = ORIENTED_EDGE('',*,*,#3373,.F.);
#3373 = EDGE_CURVE('',#2883,#3366,#3374,.T.);
#3374 = LINE('',#3375,#3376);
#3375 = CARTESIAN_POINT('',(32.408965343809,19.866025403784,2.));
#3376 = VECTOR('',#3377,1.);
#3377 = DIRECTION('',(-0.612372435696,-0.353553390593,0.707106781187));
#3378 = PLANE('',#3379);
#3379 = AXIS2_PLACEMENT_3D('',#3380,#3381,#3382);
#3380 = CARTESIAN_POINT('',(30.71311798141,18.886927472599,
    6.732233047034));
#3381 = DIRECTION('',(0.5,-0.866025403784,0.));
#3382 = DIRECTION('',(0.,0.,1.));
#3383 = ADVANCED_FACE('',(#3384),#3403,.T.);
#3384 = FACE_BOUND('',#3385,.T.);
#3385 = EDGE_LOOP('',(#3386,#3387,#3388,#3396,#3402));
#3386 = ORIENTED_EDGE('',*,*,#2882,.T.);
#3387 = ORIENTED_EDGE('',*,*,#2873,.T.);
#3388 = ORIENTED_EDGE('',*,*,#3389,.T.);
#3389 = EDGE_CURVE('',#2866,#3390,#3392,.T.);
#3390 = VERTEX_POINT('',#3391);
#3391 = CARTESIAN_POINT('',(29.078838324886,15.633974596216,7.));
#3392 = LINE('',#3393,#3394);
#3393 = CARTESIAN_POINT('',(33.408965343809,18.133974596216,2.));
#3394 = VECTOR('',#3395,1.);
#3395 = DIRECTION('',(-0.612372435696,-0.353553390593,0.707106781187));
#3396 = ORIENTED_EDGE('',*,*,#3397,.F.);
#3397 = EDGE_CURVE('',#3366,#3390,#3398,.T.);
#3398 = LINE('',#3399,#3400);
#3399 = CARTESIAN_POINT('',(28.078838324886,17.366025403784,7.));
#3400 = VECTOR('',#3401,1.);
#3401 = DIRECTION('',(0.5,-0.866025403784,0.));
#3402 = ORIENTED_EDGE('',*,*,#3373,.F.);
#3403 = PLANE('',#3404);
#3404 = AXIS2_PLACEMENT_3D('',#3405,#3406,#3407);
#3405 = CARTESIAN_POINT('',(32.408965343809,19.866025403784,2.));
#3406 = DIRECTION('',(-0.612372435696,-0.353553390593,-0.707106781187));
#3407 = DIRECTION('',(-0.612372435696,-0.353553390593,0.707106781187));
#3408 = ADVANCED_FACE('',(#3409),#3427,.T.);
#3409 = FACE_BOUND('',#3410,.T.);
#3410 = EDGE_LOOP('',(#3411,#3412,#3420,#3426));
#3411 = ORIENTED_EDGE('',*,*,#2865,.F.);
#3412 = ORIENTED_EDGE('',*,*,#3413,.F.);
#3413 = EDGE_CURVE('',#3414,#2857,#3416,.T.);
#3414 = VERTEX_POINT('',#3415);
#3415 = CARTESIAN_POINT('',(29.078838324886,15.633974596216,10.));
#3416 = LINE('',#3417,#3418);
#3417 = CARTESIAN_POINT('',(29.078838324886,15.633974596216,10.));
#3418 = VECTOR('',#3419,1.);
#3419 = DIRECTION('',(0.866025403784,0.5,0.));
#3420 = ORIENTED_EDGE('',*,*,#3421,.F.);
#3421 = EDGE_CURVE('',#3390,#3414,#3422,.T.);
#3422 = LINE('',#3423,#3424);
#3423 = CARTESIAN_POINT('',(29.078838324886,15.633974596216,7.));
#3424 = VECTOR('',#3425,1.);
#3425 = DIRECTION('',(0.,0.,1.));
#3426 = ORIENTED_EDGE('',*,*,#3389,.F.);
#3427 = PLANE('',#3428);
#3428 = AXIS2_PLACEMENT_3D('',#3429,#3430,#3431);
#3429 = CARTESIAN_POINT('',(31.71311798141,17.15487666503,6.732233047034
    ));
#3430 = DIRECTION('',(0.5,-0.866025403784,0.));
#3431 = DIRECTION('',(0.,0.,1.));
#3432 = ADVANCED_FACE('',(#3433),#3444,.T.);
#3433 = FACE_BOUND('',#3434,.T.);
#3434 = EDGE_LOOP('',(#3435,#3436,#3437,#3443));
#3435 = ORIENTED_EDGE('',*,*,#3317,.T.);
#3436 = ORIENTED_EDGE('',*,*,#3341,.T.);
#3437 = ORIENTED_EDGE('',*,*,#3438,.F.);
#3438 = EDGE_CURVE('',#3278,#3334,#3439,.T.);
#3439 = LINE('',#3440,#3441);
#3440 = CARTESIAN_POINT('',(-1.,33.,10.));
#3441 = VECTOR('',#3442,1.);
#3442 = DIRECTION('',(1.,0.,0.));
#3443 = ORIENTED_EDGE('',*,*,#3285,.F.);
#3444 = PLANE('',#3445);
#3445 = AXIS2_PLACEMENT_3D('',#3446,#3447,#3448);
#3446 = CARTESIAN_POINT('',(-1.,33.,7.));
#3447 = DIRECTION('',(0.,-1.,0.));
#3448 = DIRECTION('',(0.,0.,1.));
#3449 = ADVANCED_FACE('',(#3450),#3461,.T.);
#3450 = FACE_BOUND('',#3451,.T.);
#3451 = EDGE_LOOP('',(#3452,#3453,#3454,#3460));
#3452 = ORIENTED_EDGE('',*,*,#3237,.T.);
#3453 = ORIENTED_EDGE('',*,*,#3261,.T.);
#3454 = ORIENTED_EDGE('',*,*,#3455,.F.);
#3455 = EDGE_CURVE('',#3198,#3254,#3456,.T.);
#3456 = LINE('',#3457,#3458);
#3457 = CARTESIAN_POINT('',(-29.07883832488,15.633974596216,10.));
#3458 = VECTOR('',#3459,1.);
#3459 = DIRECTION('',(0.5,0.866025403784,0.));
#3460 = ORIENTED_EDGE('',*,*,#3205,.F.);
#3461 = PLANE('',#3462);
#3462 = AXIS2_PLACEMENT_3D('',#3463,#3464,#3465);
#3463 = CARTESIAN_POINT('',(-29.07883832488,15.633974596216,7.));
#3464 = DIRECTION('',(0.866025403784,-0.5,0.));
#3465 = DIRECTION('',(0.,0.,1.));
#3466 = ADVANCED_FACE('',(#3467),#3478,.T.);
#3467 = FACE_BOUND('',#3468,.T.);
#3468 = EDGE_LOOP('',(#3469,#3470,#3471,#3477));
#3469 = ORIENTED_EDGE('',*,*,#3397,.T.);
#3470 = ORIENTED_EDGE('',*,*,#3421,.T.);
#3471 = ORIENTED_EDGE('',*,*,#3472,.F.);
#3472 = EDGE_CURVE('',#3358,#3414,#3473,.T.);
#3473 = LINE('',#3474,#3475);
#3474 = CARTESIAN_POINT('',(28.078838324886,17.366025403784,10.));
#3475 = VECTOR('',#3476,1.);
#3476 = DIRECTION('',(0.5,-0.866025403784,0.));
#3477 = ORIENTED_EDGE('',*,*,#3365,.F.);
#3478 = PLANE('',#3479);
#3479 = AXIS2_PLACEMENT_3D('',#3480,#3481,#3482);
#3480 = CARTESIAN_POINT('',(28.078838324886,17.366025403784,7.));
#3481 = DIRECTION('',(-0.866025403784,-0.5,0.));
#3482 = DIRECTION('',(0.,0.,1.));
#3483 = ADVANCED_FACE('',(#3484),#3520,.T.);
#3484 = FACE_BOUND('',#3485,.T.);
#3485 = EDGE_LOOP('',(#3486,#3487,#3488,#3489,#3490,#3491,#3492,#3493,
    #3494,#3495,#3496,#3497,#3498,#3499,#3500,#3501,#3502,#3503,#3504,
    #3505,#3506,#3507,#3508,#3509,#3510,#3511,#3512,#3513,#3514,#3515,
    #3516,#3517,#3518,#3519));
#3486 = ORIENTED_EDGE('',*,*,#2539,.F.);
#3487 = ORIENTED_EDGE('',*,*,#2446,.T.);
#3488 = ORIENTED_EDGE('',*,*,#846,.T.);
#3489 = ORIENTED_EDGE('',*,*,#1391,.F.);
#3490 = ORIENTED_EDGE('',*,*,#655,.F.);
#3491 = ORIENTED_EDGE('',*,*,#1446,.F.);
#3492 = ORIENTED_EDGE('',*,*,#3009,.T.);
#3493 = ORIENTED_EDGE('',*,*,#2731,.T.);
#3494 = ORIENTED_EDGE('',*,*,#2787,.F.);
#3495 = ORIENTED_EDGE('',*,*,#2830,.T.);
#3496 = ORIENTED_EDGE('',*,*,#2985,.F.);
#3497 = ORIENTED_EDGE('',*,*,#3197,.F.);
#3498 = ORIENTED_EDGE('',*,*,#3455,.T.);
#3499 = ORIENTED_EDGE('',*,*,#3253,.T.);
#3500 = ORIENTED_EDGE('',*,*,#2942,.F.);
#3501 = ORIENTED_EDGE('',*,*,#3277,.F.);
#3502 = ORIENTED_EDGE('',*,*,#3438,.T.);
#3503 = ORIENTED_EDGE('',*,*,#3333,.T.);
#3504 = ORIENTED_EDGE('',*,*,#2899,.F.);
#3505 = ORIENTED_EDGE('',*,*,#3357,.F.);
#3506 = ORIENTED_EDGE('',*,*,#3472,.T.);
#3507 = ORIENTED_EDGE('',*,*,#3413,.T.);
#3508 = ORIENTED_EDGE('',*,*,#2856,.F.);
#3509 = ORIENTED_EDGE('',*,*,#2812,.T.);
#3510 = ORIENTED_EDGE('',*,*,#2755,.F.);
#3511 = ORIENTED_EDGE('',*,*,#2565,.T.);
#3512 = ORIENTED_EDGE('',*,*,#3181,.T.);
#3513 = ORIENTED_EDGE('',*,*,#1681,.F.);
#3514 = ORIENTED_EDGE('',*,*,#773,.F.);
#3515 = ORIENTED_EDGE('',*,*,#2370,.T.);
#3516 = ORIENTED_EDGE('',*,*,#1325,.T.);
#3517 = ORIENTED_EDGE('',*,*,#2464,.T.);
#3518 = ORIENTED_EDGE('',*,*,#2496,.F.);
#3519 = ORIENTED_EDGE('',*,*,#2514,.T.);
#3520 = PLANE('',#3521);
#3521 = AXIS2_PLACEMENT_3D('',#3522,#3523,#3524);
#3522 = CARTESIAN_POINT('',(2.44141117E-09,4.30540892415,10.));
#3523 = DIRECTION('',(0.,0.,1.));
#3524 = DIRECTION('',(1.,0.,-0.));
#3525 = ( GEOMETRIC_REPRESENTATION_CONTEXT(3) 
GLOBAL_UNCERTAINTY_ASSIGNED_CONTEXT((#3529)) 
GLOBAL_UNIT_ASSIGNED_CONTEXT((#3526,#3527,#3528)) REPRESENTATION_CONTEXT
('Context #1','3D Context with UNIT and UNCERTAINTY') );
#3526 = ( LENGTH_UNIT() NAMED_UNIT(*) SI_UNIT(.MILLI.,.METRE.) );
#3527 = ( NAMED_UNIT(*) PLANE_ANGLE_UNIT() SI_UNIT($,.RADIAN.) );
#3528 = ( NAMED_UNIT(*) SI_UNIT($,.STERADIAN.) SOLID_ANGLE_UNIT() );
#3529 = UNCERTAINTY_MEASURE_WITH_UNIT(LENGTH_MEASURE(1.E-04),#3526,
  'distance_accuracy_value','confusion accuracy');
#3530 = PRODUCT_RELATED_PRODUCT_CATEGORY('part',$,(#7));
#3531 = MECHANICAL_DESIGN_GEOMETRIC_PRESENTATION_REPRESENTATION('',(
    #3532),#3525);
#3532 = STYLED_ITEM('color',(#3533),#15);
#3533 = PRESENTATION_STYLE_ASSIGNMENT((#3534,#3540));
#3534 = SURFACE_STYLE_USAGE(.BOTH.,#3535);
#3535 = SURFACE_SIDE_STYLE('',(#3536));
#3536 = SURFACE_STYLE_FILL_AREA(#3537);
#3537 = FILL_AREA_STYLE('',(#3538));
#3538 = FILL_AREA_STYLE_COLOUR('',#3539);
#3539 = COLOUR_RGB('',0.678431390124,0.709803936702,0.741176476869);
#3540 = CURVE_STYLE('',#3541,POSITIVE_LENGTH_MEASURE(0.1),#3542);
#3541 = DRAUGHTING_PRE_DEFINED_CURVE_FONT('continuous');
#3542 = COLOUR_RGB('',9.803921802644E-02,9.803921802644E-02,
  9.803921802644E-02);
ENDSEC;
END-ISO-10303-21;
